"編號",建議用字,音讀,又音,對應華語,用例,異用字
001,阿,a,,阿,阿母、阿爸,
002,阿妗,a-kīm,,舅媽,"阮阿舅佮阿妗咧做生理",
003,阿姆,a-ḿ,,伯母,"阮阿伯佮阿姆真疼我",
004,仔,á,,仔、子,"囡仔、心肝仔囝",
005,壓霸,ah-pà,,霸道,真壓霸,惡霸
006,曷,a̍h,,何須、哪,"曷使、曷著、曷敢",
007,抑是,a̍h-sī,"iah-sī/ah-sī/á-sī/ia̍h-sī",或是、或者,好抑是毋好,益是
008,愛,ài,,"喜歡、想要、愛",愛耍、愛睏,
009,偝,āinn,iāng,背(人),偝囡仔、偝巾,
010,沃,ak,,澆、淋,沃花、沃雨,渥
011,泔,ám,,稀的、米湯,"糜傷泔、泔糜仔、漿泔",
012,頷頸,ām-kún,,脖子、頸項,"頷頸筋、頷頸伸長長、頷頸生瘤──拄著",頷䫀
013,按呢,án-ne,,這樣、如此,"按呢做、按呢生",
014,按怎,án-tsuánn,"àn-tsuánn/án-nuá/án-ná",怎麼、怎樣,"按怎樣、按怎講、按怎寫",
015,絚,ân,,緊、不寬裕,"縛絚絚、手頭絚",拫
016,翁,ang,,丈夫,翁某、翁婿,
017,尪仔,ang-á,,玩偶、人像,"布袋戲尪仔、尪仔標",翁仔
018,遏,at,,折斷,遏斷、遏樹枝,
019,漚,au,,浸泡、醃,漚衫、漚鹹菜,
020,甌,au,,小杯子,茶甌、一甌茶,
021,拗,áu,,折、扭曲,拗斷、硬拗,
022,漚,àu,,"爛、不好、卑劣","柴漚去、漚貨、漚步",
023,後日,āu--jı̍t,āu--lı̍t、āu--gı̍t,後天,"後日過年、大後日",
024,後日,āu-jı̍t,āu-lı̍t、āu-gı̍t,"日後、以後、他日",後日還你,
025,後壁,āu-piah,,背面、後面,"囥後壁、後壁鄉",
026,峇,bā,,密合、契合,"門關無峇、阮兩人個性真峇",密
027,䆀,bái,,不好、醜,"心情䆀、環境䆀、真䆀",
028,目,ba̍k,,眼,目鏡、目眉,
029,茉莉,ba̍k-nī,bāng-lē,茉莉,"六月茉莉真清芳",
030,目屎,ba̍k-sái,,眼淚,傷心流目屎,
031,挽,bán,,"摘、採、採摘","挽花、挽茶、挽果子",
032,蠻皮,bân-phuê,"bân-phê、bân-phêr",頑強不化,你真蠻皮,慢皮
033,慢且,bān-tshiánn,,"等一下、稍待片刻","慢且是、慢且講、慢且咧",
034,蠓,báng,,蚊子,蠓仔、蠓罩,蚊
035,茫,bâng,bông,"神智不清、模糊不清","啉甲醉茫茫、白茫茫",濛
036,捌,bat,pat,認識、曾經,捌字、捌去,
037,密,ba̍t,,密,"草仔發甲真密、密密密",
038,袂,bē,buē,"不、不能、不會","袂食袂睏、袂行、袂來",𣍐
039,袂當,bē-tàng,buē-tàng,"不行、不能、不可以","袂當去、袂當繼續",袂凍
040,欲,beh,bueh、berh,"要、如果、快要","欲食飯、欲知、強欲",要、卜
041,眯,bî,,小睡、瞄,"小眯一下、予我眯著",瞇
042,微,bî,,"微、細小、輕微","風微微仔吹、微微仔笑",
043,沬,bī,,潛水,沬水,
044,覕,bih,,躲藏,覕雨、覕相揣,匿、宓
045,抿,bín,,刷、刷子,"齒抿仔、鞋抿仔",刡
046,敏豆(仔),bín-tāu(-á),,四季豆,敏豆仔炒肉絲,
047,明仔載,bîn-á-tsài,"miâ-á-tsài、bîn-nà-tsài",明天、明日,明仔載會好天,"明仔再、明旦載"
048,眠夢,bîn-bāng,,做夢,閣咧眠夢,
049,面,bīn,,臉、面,面色、面熟,
050,無,bô,,無、沒有,無錢、無閒,
051,無較縒,bô-khah-tsua̍h,,"情況不會變得更好、於事無補","閣較講嘛無較縒",
052,無彩,bô-tshái,,可惜、白費,"無彩錢、無彩工",無采
053,罔,bóng,,姑且、將就,罔看、罔食,
054,雺,bông,,大霧,"罩雺、起雺、雺霧",濛、茫
055,某,bóo,,"妻子、太太、老婆",翁仔某、某囝,姥
056,舞,bú,,舞、胡搞,跳舞、烏白舞,
057,母,bú,bó,母,阿母、老母,
058,尾,bué,bé、bér,"尾巴、後面、尾","尾溜、尾後、一尾魚",
059,"尾蝶(仔)/(尾)蝶仔","bué-ia̍h(-á)/(bué-)ia̍h-á","bér-ia̍h(-á)/bé-ia̍h(-á)",蝴蝶,"掠尾蝶仔、花園有真濟尾蝶仔","尾蛾(仔)、(美)蝶仔"
060,魩仔魚,but-á-hî,"but-á-hîr/but-á-hû","(鯷魚類和沙丁魚類的)魚苗",魩仔魚糜,
061,的,ê,,的,我的、公家的,个
062,个,ê,,個,一个、足濟个,
063,下,ē,e,"下(表時間或做詞頭)","下晡、下晝、下昏、下暗",
064,下,ē,,下面、一下,下跤、一下,
065,會,ē,uē、erē,可以、會,會使、會曉,
066,下頦,ē-hâi,ē-huâi,下巴,"下頦尖尖、落下頦",
067,會當,ē-tàng,,可以、能夠,會當去,會凍
068,狹,eh̍,,窄,"巷仔真狹、狹裙",
069,礙虐,gāi-gio̍h,ngāi-gio̍h,"彆扭、不舒服","愈想愈礙虐、聽著真礙虐",
070,愣,gāng,,失神、發呆,愣去、愣愣,
071,𠢕,gâu,,"很會、能幹、擅長、常常","𠢕早、假𠢕、𠢕煮食、𠢕破病",賢、爻
072,夯,giâ,,扛、發作,"夯貨、舊症頭夯起來",
073,攑,gia̍h,kia̍h,"拿、舉起、豎起","攑箸、攑頭、攑手",揭、舉
074,鋏,giap,,夾,"頭毛鋏仔、頭毛鋏予伊好",
075,挾,gia̍p,,夾住,挾咧,
076,扲,gīm,,緊握,扲牢牢,
077,囡仔,gín-á,,孩子,"查某囡仔、囡仔兄",囝仔
078,凝,gîng,,鬱結,"心肝足凝、凝心",
079,戇,gōng,,傻,戇人、戇呆,
080,我,guá,,我,是我,
081,外,guā,,外、娘家的,外口、外家,
082,外,guā,,多、餘,"十外歲、百外个",
083,阮,guán,gún,我們、我的,阮的、阮兜,
084,外,guē,,外,外甥、員外,
085,月娘,gueh̍-niû,"geh̍-niû/ger̍h-niû",月亮,"月娘笑阮戇大呆、日頭佮月娘",
086,縖,hâ,,繫、圍,縖褲帶、縖裙,
087,箬,ha̍h,,外殼、外皮,竹箬、甘蔗箬,笚
088,合,ha̍h,,契合、適合,"個性會合、合軀",
089,海海,hái-hái,,"看開些、不計較、不過如此",人生海海,
090,海湧,hái-íng,,海浪,海湧真大,
091,蚶仔,ham-á,,文蛤,蚶仔湯足清甜,
092,譀,hàm,,"荒誕不實、放大",譀古、譀鏡,泛、幻
093,陷眠,hām-bîn,,夢囈,伊咧陷眠,
094,吼,háu,,哭、叫,"愛吼、鳥仔咧吼",哮
095,後生,hāu-senn,hāu-sinn,兒子,"阮後生、生後生",
096,彼,he,,那,彼是我的,
097,下,hē,,放,下鹽、下本錢,
098,遐,hia,hiâ,那、那裡,佇遐,
099,遐的,hia--ê,hua--ê,那些,遐的攏是我的,遐个
100,遐的,hia ê,,那裡的,遐的人,遐个
101,遐,hiah,,那麼,遐濟、遐慢,許、赫
102,遐爾,hiah-nī,,那麼,"遐爾燒、遐爾遠","許呢、赫爾、遐呢"
103,薟,hiam,,辣、嗆,"薟椒仔、臭尿薟",馦
104,掀,hian,,掀、翻,掀開、掀報紙,
105,現出,hiàn-tshut,,呈現、現出,現出原形,
106,現,hiān,,"當下、清楚明白","現煮現食、看現現",
107,現世,hiān-sì,,丟人現眼,足現世,
108,燃,hiânn,,燃燒,"燃火、燃茶、燃滾水",烆
109,㧒,hiat,,丟擲,㧒捔、烏白㧒,
110,囂俳,hiau-pai,hia-pai,囂張,"囂俳無落魄的久、做人毋通傷囂俳",
111,欣羨,him-siān,,羨慕,欣羨別人,歆羨
112,形影,hîng-iánn,,身影,伊的形影,
113,歇,hioh,hennh、heh,休息,"歇晝、歇熱、歇寒",
114,雄雄,hiông-hiông,,"突然、猛然、一時間","雄雄想無、雄雄走出來",
115,翕,hip,,悶、悶熱,"翕油飯、天氣真翕",熻
116,翕,hip,,攝影,翕相,
117,彼,hit,,那,彼間厝、彼時,
118,好佳哉,hó-ka-tsài,,幸虧、幸好,真好佳哉,"好嘉哉、好佳在"
119,好勢,hó-sè,,妥當,"講好勢、誠好勢",
120,風颱,hong-thai,,颱風,"做風颱、風颱天",
121,好,hònn,,喜好,好奇、好玄,
122,胡蠅,hôo-sîn,,蒼蠅,"拍胡蠅、趕胡蠅",葫蠅
123,予,hōo,,給、被,予你、予人請,互
124,撫,hu,,撫摸,撫撫咧,
125,拊,hú,,"揉擦、(肉、魚)鬆","拊掉、拊仔、肉拊、拊魚拊",
126,喝,huah,,喊、叫,喝拳、大聲喝,
127,橫直,huâinn-tı̍t,huînn-tı̍t,橫豎、反正,橫直攏仝款,
128,翻頭,huan-thâu,,回頭、隨後,"翻頭隨無看見人、翻頭隨轉來",
129,凡勢,huān-sè,,"也許、可能、說不定","凡勢伊毋知、凡勢會落雨",犯勢
130,法度,huat-tōo,,辦法,無法度,
131,花眉(仔),hue-bî(-á),hua-bî(-á),畫眉鳥,飼花眉仔,
132,費氣,huì-khì,,麻煩,"有夠費氣、費氣費觸",
133,瓷仔,huî-á,,陶瓷器,"瓷仔碗、瓷仔工場",磁仔
134,薰,hun,,香菸,食薰、薰草,
135,粉鳥,hún-tsiáu,,鴿子,"飼粉鳥、放粉鳥",
136,份,hūn,,份,一份、認份,
137,伊,i,,他、她,"伊佮我、伊真媠",
138,椅條,í-liâu,í-tiâu,"無靠背的長板凳",坐椅條,
139,奕,ī,,玩,"奕牌仔、奕珠仔",
140,也,iā,ā,也、亦,也是、也好,
141,蛾仔,ia̍h-á,,蛾,"臭蛾仔、蛾仔四界飛",蝶仔
142,緣投,ian-tâu,iân-tâu,英俊,"緣投囡仔、人緣投","嫣頭、嫣投"
143,胭脂,ian-tsi,,口紅,點胭脂,
144,厭氣,iàn-khì,,"丟臉、漏氣、悔恨","有夠厭氣、這件代誌予人真厭氣","嚥氣、燕氣"
145,芫荽,iân-sui,iân-suinn,香菜,"蚵仔麵線摻芫荽",
146,枵,iau,,餓,枵鬼、枵飽吵,
147,猶,iáu,iah、ah、á、iá,還、尚,猶未、猶閣,
148,陰鴆,im-thim,,陰沉,個性陰鴆,陰沉
149,,in,,他們、他的,,怹
150,往,íng,,以前、常常,"往過、往擺、往往",
151,閒,îng,,空閒,有閒、閒工,閑
152,臆,ioh,,猜,臆著、臆謎猜,
153,勇健,ióng-kiānn,,硬朗,身體真勇健,
154,猶原,iu-guân,"iû-uân/iû-guân/iu-uân",仍然,猶原毋知,
155,有孝,iú-hàu,ū-hàu,孝順,"有孝序大人、有孝爸母",
156,幼秀,iù-siù,,秀氣,"生做真幼秀、幼秀囡仔",
157,遮,jia,,遮,遮雨、遮日,
158,爪,jiáu,liáu、giáu,爪子,跤爪,
159,抓,jiàu,liàu、giàu,抓、搔,抓破皮、抓面,爪
160,撏,jîm,lîm/gîm,掏,撏錢、撏出來,
161,搙,jio̍k,lio̍k/gio̍k,揉捏,紙搙做一丸,
162,入,jip̍,lip̍、gip̍,"進入、裝入、參加","入去、入被、入教",
163,日,jı̍t,lı̍t、gı̍t,太陽、日子,日頭、日子,
164,日時,jı̍t--sî,lı̍t--sî/gı̍t--sî,白天,"日時作穡、日時上班",
165,揉,jiû,liû,"(用濕布)揉擦","揉塗跤、揉身軀",
166,鰇魚,jiû-hî,"liû-hû/jiû-hîr/giû-hî/liû-hîr",魷魚,"鰇魚羹、鰇魚捲、烘鰇魚","魷魚、柔魚"
167,愈,jú,lú,愈、越,愈來愈濟,
168,偌,juā,luā/guā,多少、多麼,"無偌久、偌濟、偌仔(爾)",若、外
169,熱,jua̍h,lua̍h,炎熱、夏天,"燒熱、熱人、歇熱",
170,挼,juê,luê/lê/lêr/jêr,揉、搓,挼目睭、挼衫,揉
171,虼,ka,,"做為跳蚤、蟑螂等詞的詞頭",虼蚤、虼蚻,
172,加,ka,,加,加強、增加,
173,交懍恂,ka-lún-sún,ka-líng-sún,打冷顫,"寒甲起交懍恂、拍交懍恂",加懍恂
174,家己,ka-tī,ka-kī,自己,"家己人、靠家己",家治
175,鉸刀,ka-to,,剪刀,鉸刀、鉸刀柄,
176,敢若,ká-ná,"kánn-ná/kán-ná",好像,"伊敢若猶毋知、敢若欲落雨矣",假若
177,共,kā,kāng,"把、對、給、向","共椅仔徙走、共你講、阿英共人洗衫、共伊買",給
178,蓋,kah,,蓋,蓋被、蓋毯仔,
179,佮,kah,kap,與、附帶,"我佮你、佮兩支蔥仔",及、甲
180,甲,kah,,得,"食甲足飽、講甲足投機","𢓜、徦、到"
181,佮意,kah-ì,,中意,"有佮意、無佮意","愜意、合意"
182,改,kái,,改、戒,改考卷、改薰,
183,捔,ka̍k,,"丟掉、(罵人)沒用",擲討捔、抾捔,
184,甘,kam,,"甘甜、捨得、情願","糖甘蜜甜、毋甘、甘願",
185,敢,kám,,難道、是否,"敢講這是真的、你敢欲去",咁
186,𥴊仔店,kám-á-tiàm,,雜貨店,"去𥴊仔店買豆油",
187,艱苦,kan-khóo,,"難過、生病不舒服","心內艱苦、伊今仔日咧艱苦",
188,干焦,kan-na,"kan-tann/kan-ta",僅只,"干焦伊無來、干焦三个","干但、乾焦、干單、干乾"
189,工,kang,,工夫、天,厚工、三工,
190,港都,káng-too,,港口都市,港都夜雨,
191,仝,kāng,kâng,同,仝款、相仝,同、共
192,敆,kap,,接合、調配,"敆做伙、敆藥仔",
193,狡怪,káu-kuài,,"愛作怪、喜與人作對、固執不通","這个囡仔較狡怪",狡獪
194,到,kàu,,抵達、到期,到位、到時,
195,加,ke,,加,加減、加話,
196,家後,ke-āu,,妻子,好家後,
197,家婆,ke-pô,,"愛管閒事、雞婆",真家婆,
198,家私,ke-si,,"工具、道具、槍械武器",家私頭仔,
199,膎,kê,kuê/kerê,鹽漬物,"鹹膎、蚵仔膎、珠螺膎",鮭
200,羹,kenn,kinn,"羹、勾芡的食物",牽羹、肉羹,焿
201,跤,kha,,腳、下面,跤手、下跤,腳、骹
202,咳啾,kha-tshiùnn,ka-tshiùnn,噴嚏,拍咳啾,
203,尻川,kha-tshng,kha-tshuinn,屁股,"拍尻川、尻川後、尻川斗",腳倉
204,尻脊,kha-tsiah,ka-tsiah,後背,"尻脊骿、毋通尻脊後講人閒仔話",加脊
205,跤頭趺,kha-thâu-u,kha-thâu-hu,膝蓋,跤頭趺鑢著,"腳頭趺、骹頭趺"
206,敲,khà,,"(敲)打、敲(竹槓)",敲電話、敲油,
207,較,khah,,"比較、更、再","較濟、閣較好、較講都毋聽",卡
208,較停(仔),khah-thîng(-á),,等一下,"較停咧、較停仔著知",卡停仔
209,卡,kha̍h,,卡住,卡牢咧,
210,坎,khám,,"階梯、階(量詞)、家(量詞)","坎仔、坎站、一坎店",
211,崁,khàm,,遮蓋、暗藏,崁蓋、暗崁,
212,崁,khàm,,山崖,"山崁、崁跤、崁頂",
213,空,khang,,空、洞,空厝、破空,孔
214,空,khang,,"好處、賺頭、利益","誠好空、歹空、好空鬥相報",
215,磕,kha̍p,,碰觸,"磕袂著、袂磕得、磕頭、磕著",
216,薅,khau,,拔除、揪住,薅草、薅頭鬃,
217,剾,khau,,"刨、刮、吹風、譏諷","剾皮、剾喙鬚、剾風、剾洗",
218,齧,khè,khuè/kherè/gè,啃、齧咬,"齧肉骨、齧甘蔗",
219,敧,khi,,傾斜、歪斜,敧一爿、坦敧,
220,齒戳(仔),khí-thok(-á),,牙籤,"用齒戳(仔)戳喙齒","齒拓(仔)"
221,徛,khiā,,站、住,徛予正、徛家,企
222,徛鵝,khiā-gô,,企鵝,"來去動物園看徛鵝、徛鵝真古錐",
223,掔,khian,,扔、投擲,"掔石頭、烏白掔",
224,勥,khiàng,,精明能幹,真勥、勥跤,
225,曲,khiau,,彎曲,"曲痀、曲跤、彎彎曲曲",
226,巧,khiáu,,聰明,人真巧、奸巧,
227,克虧,khik-khui,,委屈、吃虧,"伊予人騙去,真克虧。",喫虧
228,拑,khînn,,抓緊、黏附,予囡仔拑牢牢,
229,抾,khioh,,"撿、拾、積聚、懷(恨)","抾起來、抾拾、抾字紙、抾恨","卻、拾、摭"
230,扱,khip̍,,抓緊、吸附,"扱牢牢、無拑無扱",
231,杙,khı̍t,,樁,"杙仔、大里杙(地名)",楬
232,搝,khiú,giú,拉、揪、扯,"搝大索、搝後跤",扭
233,虯,khiû,,蜷曲、吝嗇,虯毛、虯儉,虬
234,囥,khǹg,,放、保留,囥物件、囥步,
235,洘,khó,,"濃稠、退潮、擁擠","洘頭糜、洘流、洘秫秫",
236,可比,khó-pí,,好比、比方,"伊可比天頂的仙女",
237,觳,khok,,"小容器、小盒子","齒觳仔、水觳仔、鉛筆觳仔",
238,硞,kho̍k,,"碰撞、碰撞聲",相硞、碌硞馬,
239,悾,khong,,"笨、呆、頭腦不清楚","悾悾戇戇、激悾悾",
240,炕,khòng,,熬煮、燜熟,炕肉、炕窯,焢
241,箍,khoo,,"圓形的外緣、環狀物、元(量詞)、個(量詞)","圓箍仔、目箍、柴箍、一箍銀、一箍人",
242,跍,khû,,蹲,"跍佇遮、跍落去",竘
243,款,khuán,,"樣式、情況、整理","新款、看款、款行李",
244,看覓,khuànn-māi,,看看,"講看覓、臆看覓",
245,快活,khuìnn-ua̍h,"khuànn-ua̍h/khuàinn-ua̍h","舒服、快活、寬裕","過甲真快活、會食會睏真快活、生活較快活",
246,睏,khùn,,"睡覺、休息、一陣子","愛睏、歇睏、一睏仔",
247,枝,ki,,枝,樹枝、一枝筆,
248,屐,kia̍h,,屐,木屐、柴屐,
249,見若,kiàn-nā,kìnn-nā,凡是、每逢,"見若歡喜就唱歌、見若烏陰就落雨",
250,驚,kiann,,害怕,"免驚、伊真驚鳥鼠",
251,行,kiânn,,"行走、航行、交往","行路、行船、佮伊咧行",
252,筊,kiáu,,賭博,毋通跋筊,
253,激,kik,,"假裝、釀造、(憋氣)使勁","激派頭、激酒、激力",
254,今仔日,kin-á-jı̍t,"kin-á-lı̍t/kin-á-gı̍t/kin-nà-jı̍t",今天,"今仔日天氣誠好",今旦日
255,弓蕉,kin-tsio,"king-tsio/kim-tsio",香蕉,"食弓蕉、弓蕉亁","芎蕉、金蕉"
256,緊,kín,,快、急,緊來、真緊,
257,揀,kíng,,揀、挑、選,揀食、揀菜,
258,景緻,kíng-tì,kíng-tī,風景、景緻,"景緻真媠、好景緻",景致
259,墘,kînn,,邊緣,碗墘、溪仔墘,
260,勼,kiu,,收縮、畏縮,"伸勼、勼水、勼跤勼手",丩
261,糾,kiù,,緊縮、糾結,"糾筋、糾帶、糾紛",
262,閣,koh,,"再、還、更加",猶閣、閣再,擱、故
263,管,kóng,,"(長且中空的)管子、管狀物","竹管、欶管、蟳(仔)管、靴管",
264,講,kóng,,說、講,"講話、講耍笑、我想講伊會來、足好食的講......",
265,姑不而將,koo-put-jî-tsiong,"koo-put-jî-tsiang、koo-put-lî-tsiong","不得已、無可奈何",姑不而將接受,"姑不二將、姑不二終"
266,姑情,koo-tsiânn,,說情、懇求,"共人姑情、姑情囡仔食飯",姑成
267,鈷,kóo,,壺,茶鈷、一鈷茶,
268,古意,kóo-ì,,忠厚、老實,古意人,
269,古錐,kóo-tsui,,可愛,古錐囡仔,
270,糊,kôo,,"漿糊、糊狀物、黏貼","糊仔、麵線糊、糊紙",
271,跔,ku,,蹲,跔佇遐、罔跔,
272,掛,kuà,,"掛、戴、登記",掛目鏡、掛號,
273,蓋,kuà,,蓋子,鼎蓋,
274,慣勢,kuàn-sì,"kuìnn-sì、kuàinn-sì",習慣,"會慣勢、真慣勢",
275,懸,kuân,,高,"山真懸、價數真懸",峘
276,乾,kuann,,乾,肉乾、豆乾,
277,寒,kuânn,,寒、冷,"寒天、寒人、寒著",
278,瓜仔哖,kue-á-nî,,小黃瓜,瓜仔哖炒豬肉,
279,粿,kué,ké、kér,粿,鹹粿、炊粿,
280,果子,kué-tsí,ké-tsí、kér-tsí,水果,"食果子拜樹頭、果子園",
281,橛,kueh̍,,截(量詞),一橛甘蔗,
282,胿,kui,,"嗉囊、囊狀物、食道",雞胿、頷胿,
283,規,kui,,規、整個,"規家伙仔、規个",歸
284,規氣,kui-khì,,乾脆,"規氣倩人較直、按呢較規氣",歸氣
285,幾若,kuí-nā,kún-nā,好幾,"幾若百萬、幾若擺",
286,骨力,kut-la̍t,,勤勞、努力,"真骨力、骨力做",搰力
287,蜊仔,lâ-á,,蜆,鹹蜊仔,
288,蟧蜈,lâ-giâ,,長腳大蜘蛛,囡仔會驚蟧蜈,
289,垃圾,lah-sap,lap-sap,骯髒,"垃圾衫、塗跤垃圾",
290,內,lāi,,內、裡,厝內、內裡,裡
291,橐,lak,,口袋,橐袋仔,
292,落,lak,,落、掉,落漆、落毛,
293,荏懶,lám-nuā,,"散漫、邋遢、懶惰",貧惰閣荏懶,荏爛
294,咱,lán,,"我們、我們的","咱人、咱查某囝",
295,人,lâng,,人,好人、讀冊人,儂
296,人客,lâng-kheh,,客人,"人客的要求、人客廳、請人客",儂客
297,籠床,lâng-sn̂g,,蒸籠,"竹仔籠床、籠床蓋",
298,弄,lāng,,"舞弄、逗弄、耍","弄獅、戲弄、變猴弄",
299,塌,lap,,塌、凹,塌落來、塌底,
300,扭,láu,náu,扭傷,跤骨扭著,
301,落,làu,,"洩出、丟失、脫落","落風、落屎、落氣、落褲",
302,老歲仔,lāu-huè-á,"lāu-hè-á、lāu-hèr-á","老人、老頭子","老歲仔人、老歲仔目",老伙仔
303,咧,leh,,在、正在,"有佇咧、佇咧睏",
304,你,lí,lír、lú,你、妳、汝,"你緊去、你佮我",汝
305,掠,lia̍h,,抓,掠魚仔、掠包,
306,連鞭,liâm-mi,liâm-pinn,馬上、立刻,連鞭來,臨邊
307,輪,lián,,輪子、鍊條,換輪、落輪,"碾、輾、輦"
308,撚,lián,,撚、搓,"撚耳仔、撚喙鬚",
309,輾,liàn,lìn,"滾動、圈(量詞)","佇塗跤輾、踅三輾",
310,粒仔,lia̍p-á,,瘡,生粒仔,
311,啉,lim,,喝,啉水、真好啉,飲
312,恁,lín,,"你們、你的、你們的","恁三个、恁兜、恁學校",
313,奶,ling,ni、lin,"乳房、奶、內胎","奶仔、牛奶、內奶",乳
314,冗,līng,,鬆、寬,"褲頭傷冗、索仔冗去",
315,冗,liōng,,"寬裕、留餘裕","錢愛紮較冗、冗十分鐘",
316,冗剩,liōng-siōng,liōng-sīng,"寬裕、有餘裕","傷冗剩、時間猶真冗剩",
317,鈕,liú,,鈕釦、扣上,鈕仔、鈕鈕仔,紐
318,扭搦,liú-la̍k,,處理、掌管,"足歹扭搦、僫扭搦",
319,扭掠,liú-lia̍h,,敏捷,"跤手誠扭掠、伊動作扭掠",
320,餾,liū,,再蒸、重提,"餾凊飯、莫閣餾矣",
321,落,lo̍h,,"下、降、放入、入(睡)","落車、落雨、落肥、睏落眠",
322,橐,lok,,"裝、套、袋子","橐起來、手橐仔",簏
323,漉喙,lo̍k-tshuì,go̍k-tshuì,漱口,"物件食了著愛漉喙",
324,攏,lóng,,"都、皆、全部",攏是、攏總,
325,挵,lòng,,撞、擊、敲,"車挵著人、挵門、挵大鼓",
326,惱,lóo,,"惱、令人生氣","惱死、氣惱、氣身惱命",
327,勞力,lóo-la̍t,,"感謝(別人的幫忙或服務)",真勞力,擼力
328,露螺,lōo-lê,lòo-lê,蝸牛,抾露螺飼鴨,
329,攄,lu,,推剪、推移,"攄仔、攄頭毛、倒退攄、攄來攄去",
330,鑢,lù,,"出力刷洗、嚴重磨擦",鑢鼎、鑢破皮,
331,捋,lua̍h,,"梳子、梳、撫","捋仔、捋頭鬃、心肝頭捋捋咧",
332,蕊,luí,,"朵(量詞)、隻(量詞)","一蕊花、花蕊、兩蕊目睭",
333,忍,lún,,忍耐,"小忍咧就過去、袂忍得、吞忍",
334,毋,m̄,,不,毋好、毋免,"不、呣、唔"
335,毋過,m̄-koh,m̄-kò/m̄-kù,不過、但是,"想欲買,毋過無錢。",毋閣
336,毋但,m̄-nā,m̄-niā,"不但、不只是、不止",毋但按呢,毋爾
337,媽,má,,"祖母、媽祖、女神","阿媽、北港媽、觀音媽",
338,嘛,mā,,也,"按呢嘛好、我嘛知",
339,莫,mài,,"甭、別、不要",莫去、莫講,勿、
340,暝,mê,mî,夜、晚,"暝日、無暝無日",
341,糜,muê,"bê/muâi/bêr/mâi",稀飯,番薯糜、鹹糜,
342,嚨喉,nâ-âu,,咽喉、喉嚨,"嚨喉發炎、嚨喉空",
343,若,nā,,若、如果,早若知、若是,
344,躡,neh,nih,踮,躡跤尾,
345,䘼,ńg,uínn,衣袖、袖子,"手䘼、長䘼、短䘼",
346,黃梔仔花,n̂g-ki-á-hue,n̂g-kinn-á-hue,"梔子花、黃梔花",黃梔仔花足芳,
347,夾,ngeh,"ngueh/gueh/geh","鑷子、鉗子、夾",火夾、夾菜,
348,莢,ngeh,"ngueh、gueh、kueh、kereh",豆莢、量詞,豆莢、一莢,
349,挾,ngeh̍,"ngueh̍/gueh̍/ger̍eh",夾,"挾佇中央、挾牢咧",
350,擽,ngiau,,"搔(癢)、癢(的感覺)","驚人擽、心內擽擽",搔
351,拈,ni,,拈、取,"偷拈、桌頂拈柑",
352,鳥鼠,niáu-tshí,"niáu-tshír、niáu-tshú、nóo-tshír",老鼠,"飼鳥鼠咬布袋、鳥鼠仔冤",
353,娘囝,niû-kiánn,niô-kiánn,娘子、妻子,好娘囝,娘子
354,軁,nǹg,,穿過、鑽營,軁磅空、軁鑽,鑽
355,卵,nn̄g,nuī,蛋,"雞卵、鴨卵、卵仁",
356,撋,nuá,,"(用力)推揉、搓洗","撋粿、撋鹹菜、撋衫",
357,瀾,nuā,,口水,流喙瀾、收瀾,涎
358,呵咾,o-ló,,讚美,"呵咾學生、予人呵咾","阿咾、謳咾"
359,蚵,ô,,蠔、牡蠣,"蚵仔麵線、蚵仔煎",蠔
360,僫,oh,,"困難、不容易、慢","真僫、僫講、行路較僫到",
361,烏,oo,,黑,烏枋、烏人,
362,烏暗,oo-àm,,"黑暗、不明亮","社會烏暗、天色烏暗",
363,挖,óo,ué,挖、掘,挖空、挖耳空,
364,爸,pa,pâ、pah,爸,阿爸、爸爸,
365,瓶,pân,,瓶,"花瓶、酒瓶、水瓶",
366,範勢,pān-sè,,情況,"看範勢伊袂來矣、看範勢才閣講",
367,枋,pang,,"木板、板狀物","枋仔、枋寮、紙枋、鐵枋",
368,爸,pē,,爸,爸母、老爸,
369,擘,peh,,剝開、睜開,"擘柑仔、目睭擘金",
370,葩,pha,,盞、串,"一葩電火、兩葩葡萄",
371,拍,phah,,"打、製造、刮除","拍鼓、拍鎖匙、拍鱗",打、扑
372,拍呃,phah-eh,,"呃逆、噯氣、打嗝",無食假拍呃,"拍嗝、扑呃"
373,拍算,phah-sǹg,,打算、也許,"拍算欲去日本、拍算會落雨",扑算
374,歹,pháinn,phái,壞、惡、難,"歹腹肚、歹聲嗽、歹講",
375,歹勢,pháinn-sè,phái-sì,"不好意思、害羞",驚歹勢,
376,揹,phāinn,,背(物),"揹冊包、揹物件",
377,芳,phang,,香,花真芳、米芳,香
378,捀,phâng,,端,捀茶、捀菜,
379,冇,phànn,,"不紮實、不實","冇冇、冇柴、冇粟、冇數",
380,抨,phiann,piann,丟、扔、摔,"物件四界抨、抨椅仔",
381,𥰔仔,phín-á,,笛子,歕𥰔仔,品仔
382,鼻,phīnn,phī,"鼻子、聞、鼻涕","鼻空、鼻看覓、流鼻",
383,粕,phoh,,粕、殘渣,"甘蔗粕、檳榔粕",
384,豐沛,phong-phài,phang-phài,豐盛,攢甲真豐沛,
385,捧,phóng,,捧,捧水、捧米,
386,膨,phòng,,"膨、鼓脹、蓬鬆","膨紗、膨皮、膨鼠",胖
387,蘋果,phōng-kó,,蘋果,"蘋果欉、蘋果汁",蓬果
388,鋪,phoo,,鋪、床鋪,"鋪地毯、鋪路、總鋪",
389,舖,phòo,,"舖、單位詞(十華里為一舖)","店舖、總舖師、一舖路",
390,扶,phôo,,托著、巴結,"扶起來、扶頂司",
391,殕,phú,,"霉、灰色、灰暗不明的","臭殕、殕色、殕殕",
392,批,phue,phe,信,"一張批信、限時批",
393,呸,phuì,,"吐、翻臉、呸","呸痰、起呸面、呸呸呸",
394,潘,phun,,"淘米水、餿水","潘愛回收、米潘",
395,觱,pi,,哨子,歕觱仔,
396,煏,piak,,炸、爆、裂,"煏豬油、煏豆仔、煏開",
397,便所,piān-sóo,,廁所,"掃便所、便所邊",
398,摒,piànn,,打掃、倒,"摒房間、摒糞埽",
399,拚,piànn,,拚,拍拚、拚命,
400,撆,pih,,"(將袖子或褲管)挽起","撆手䘼、撆褲跤",彆
401,貧惰,pîn-tuānn,"pûn-tuānn、pân-tuānn",懶惰,"貧惰人、貧惰骨",貧憚
402,反,píng,,反轉,倒反、反爿,
403,爿,pîng,,邊,正爿、倒爿,旁
404,保庇,pó-pì,,保護庇佑,求神保庇,
405,碰,pōng,,碰撞,相碰,
406,磅,pōng,,磅秤、秤重,磅仔、磅重,
407,磅米芳,pōng-bí-phang,,爆米花,"巷仔口咧磅米芳",
408,磅空,pōng-khang,,山洞,過磅空,
409,磅子,pōng-tsí,,砝碼,"這粒是偌重的磅子",
410,埔,poo,,"平地、沙洲、野地","草埔、海沙埔、墓仔埔",
411,脯,póo,,"(魚、肉、菜)乾、乾癟","魚脯、菜脯、脯脯",
412,富,pù,,富,大富、富死,
413,盤,puânn,,轉換、翻越,"盤車、盤山過嶺、盤牆仔",蹣
414,盤撋,puânn-nuá,,交際、交往,佮人盤撋,蹣撋
415,"菠薐仔(菜)","pue-lîng-á(-tshài)","pe-lîng-á(-tshài)",菠菜,"菠薐仔(菜)煮豬肝",
416,掰,pué,,撥、拂,掰頭鬃、掰走,㧳
417,培墓,puē-bōng,"pē-bōo、pēr-bōo",掃墓,清明培墓,
418,糞埽,pùn-sò,,垃圾,"糞埽桶、清糞埽",
419,歕,pûn,,吹,歕風、歕鼓吹,噴
420,捎,sa,,抓取、拿,"烏白捎、捎無總、捎錢",
421,煠,sa̍h,,白煮,"煠卵、煠肉、煠麵",
422,捒,sak,,棄、推,"放捒、捒車、捒做堆",搡
423,瘦,sán,,瘦、貧瘠,瘦肉、瘦田,㾪
424,散赤,sàn-tshiah,,赤貧,"家庭散赤、散赤人",
425,散食,sàn-tsia̍h,,赤貧,"散食囡仔、散食人",
426,衫,sann,,衣服,穿衫、衫仔褲,
427,霎,sap,,小(雨),"霎霎仔雨、雨霎仔",
428,梢聲,sau-siann,,聲音沙啞,講話梢聲,莦聲
429,嗽,sàu,,咳嗽、口氣,"嗽甲真厲害、聲嗽",
430,細,sè,suè、serè,小、幼,細聲、細漢,
431,踅,seh̍,ser̍h,繞,"踅街、踅圓箍仔、踅踅唸",
432,生,senn,sinn,生鐵,生仔、生鍋,
433,生成,senn-sîng,"senn-tsiânn、sinn-sîng、sinn-tsiânn",天生,"生成這款形、爸母生成",
434,世,sì,,一生,一世人、出世,
435,四界,sì-kè,sì-kuè、sì-kerè,到處、處處,"四界踅、四界行、四界去",
436,序大,sī-tuā,,長輩,"有孝序大、鄉親序大",視大
437,閃爍,siám-sih,,閃爍,閃爍的天星,"閃熾、閃熠"
438,鉎,sian,san,鏽、汙垢,"生鉎、身軀全鉎",
439,仙,sián,,一分錢,"五仙錢、無半仙",銑
440,𤺪,siān,,疲倦、厭倦,人𤺪𤺪、厭𤺪,僐、倦
441,蟮蟲仔,siān-thâng-á,"siān-âng-á/siān-lâng-á/siān-tâng-á/sîn-âng-á",壁虎,蟮蟲仔食蠓蟲,
442,啥,siánn,sánn,什麼、啥,"啥貨、啥款、啥人",
443,啥物,siánn-mih,"sá/siá/sánn/sím/sám/siánn-mngh/mooh/mí",什麼,啥物代誌,"啥麼、啥乜"
444,唌,siânn,,引誘,"共人唌、臭臊唌胡蠅",
445,痟,siáu,,"瘋、神經錯亂、動物發情、失常、發狂、沉迷",起痟、痟股票,𤞚
446,數,siàu,,數目、帳目,算數、數簿,賬
447,數念,siàu-liām,,想念,數念伊,賬念,
448,少年,siàu-liân,,年少、年輕,"伊猶真少年、少年家",,
449,數想,siàu-siūnn,siàu-siōnn,妄想,"免數想、枵狗數想豬肝骨",賬想,
450,爍爁,sih-nah,"sih-nà/sinnh-nà",閃電,雷公爍爁,"爍乍、熠爁、熾爁、熠乍",
451,熟似,sik̍-sāi,,熟識,"無熟似、熟似人","熟姒、熟視",
452,心酸,sim-sng,,傷心、辛酸,"心酸流目屎、講心酸的",,
453,身軀,sin-khu,"sing-khu、hun-su",身體,"洗身軀、身軀勇壯",,
454,新婦,sin-pū,sim-pū,媳婦,"娶新婦、新婦仔",,
455,承,sîn,,接、接續,"承球、承水、承話尾",,
456,相借問,sio-tsioh-mn̄g,"sann-tsioh-mng/sio-tsioh-muī","打招呼、探望","見面著愛相借問",,
457,小可(仔),sió-khuá(-á),,稍微,"小可生理、小可仔鹹鹹",,
458,液,sio̍h,,"(手、腳)汗",手液、臭跤液,,
459,上,siōng,siāng,上、最,上好、上濟,尚,
460,四秀(仔),sì-siù(-á),,零食,食四秀(仔),,
461,失志,sit-tsì,,"喪志、失意、氣餒","毋通失志、伊真失志",,
462,岫,siū,,巢穴,鳥仔岫、賊岫,,
463,受氣,siū-khì,siūnn-khì,生氣、發怒,真受氣,,
464,傷,siunn,sionn,太,傷鹹、傷大,
465,耍,sńg,,玩、遊戲,愛耍、好耍,爽
466,挲,so,,"撫摸、搓、安撫、打圓場",挲草、挲圓仔,搓、搔
467,鎖匙,só-sî,,鑰匙,"拍鎖匙、用鎖匙開門",
468,趖,sô,,"蟲類爬行、動作緩慢","蟲咧趖、四界趖、鼎邊趖",
469,索,soh,,繩子,"跳索仔、搝大索",
470,倯,sông,,"粗俗、不文雅","草地倯、倯閣有力",傖
471,所費,sóo-huì,,"費用、開支、花費","偌濟所費、都市的所費較懸",
472,軀,su,,"身體、計算成套衣服的單位",合軀、一軀衫,
473,思慕,su-bōo,,想念愛慕,"心所思慕的人、共思慕囥佇心肝底",
474,徙,suá,,徙、移,搬徙、徙位,
475,紲,suà,,"連續、接連不斷。","紲落去、相紲、接紲、順紲",續
476,煞,suah,,結束、竟然,"煞戲、煞尾、煞落雨",
477,漩,suān,,撒尿、灑水,漩尿、漩桶,
478,璇石,suān-tsio̍h,,鑽石,璇石手指,
479,散,suànn,,散,散開、分散,
480,欶,suh,soh,吸,"欶管、欶奶、欶水",嗍、𠲿
481,媠,suí,,美麗、漂亮,媠氣、愛媠,美、水
482,隨,suî,,馬上、跟隨,隨來、相隨,
483,隨在,suî-tsāi,,任憑、任由,"隨在你、隨在人",
484,巡,sûn,,"察看、線條、紋路","巡社區、畫一巡、目睭重巡",
485,焦,ta,,乾,喙焦、臭火焦,"乾、凋、礁"
486,大家,ta-ke,tuā-ke,婆婆,頭一擺做大家,乾家
487,大官,ta-kuann,,公公、家翁,阮大官人真好,大倌
488,罩,tà,,罩、蓋,"罩霧、蠓罩、雞罩",
489,呆,tai,,"愚昧、口齒不清","戇大呆、臭奶呆",獃
490,代誌,tāi-tsì,,事、事情,"無代誌、好代誌",事志
491,逐,ta̍k,,每,逐个人、逐擺,
492,澹,tâm,,濕,"澹糊糊、澹漉漉、衫澹去",
493,淡薄(仔),tām-po̍h(-á),,一點點,"啉淡薄、淡薄仔意思",
494,擲,tàn,,扔、擲,擲石頭、擲掉,掞
495,霆,tân,,響,"霆雷公、霆水螺",陳
496,冬,tang,,年、收成季,"過一冬、好年冬、早冬",
497,當時,tang-sî,,何時,"當時開會、佇當時",東時
498,凍霜,tàng-sng,,吝嗇,傷凍霜,
499,今,tann,,現在、如今,"到今猶毋捌看過、今害矣",旦
500,兜,tau,,家、附近,阮兜、跤兜,
501,鬥,tàu,,拼合、湊,"鬥做伙、鬥陣、鬥跤手",湊
502,鬥相共,tàu-sann-kāng,tàu-sio-kāng,幫忙,"做伙鬥相共、朋友有困難著鬥相共","湊相共、搭相共"
503,沓,tau̍h,,"慢慢的、反覆","沓沓仔講、沓沓講",
504,貯,té,tué、teré,裝、盛,貯水、貯飯,
505,硩,teh,,壓、止,"硩年、硩重、紙硩、硩茶盤、硩嗽",矺
506,,thái-ko,,癩瘡、骯髒,,癩哥
507,刣,thâi,,"宰殺、割、刪","刣豬、刣頭、刣掉",
508,趁,thàn,,賺、趁,趁錢、趁早,
509,通,thang,,通過、可以,通光、毋通,
510,迵,thàng,,"穿過、穿透、貫串","迵過、規年迵天",
511,痛,thàng,,憐惜,"爸母對囝兒的疼痛",
512,窒,that,,塞,窒仔、窒車,
513,敨,tháu,,解開、抒發,"敨索仔、敨放、敨開、敨氣",㪗
514,透早,thàu-tsá,,一早、清晨,透早就出門,
515,頭,thâu,,頭、首先,頭殼、頭先,
516,頭路,thâu-lōo,,職業、工作,"食頭路、無頭路",投路
517,退,thè,thèr,退,"倒退、退火、退伍",
518,替換,thè-uānn,thuè-uānn,更換,相替換,
519,提,theh̍,"thueh̍/thereh̍/ther̍h/kheh̍/eh̍",拿,提錢、提物件,摕
520,褫,thí,,張開、展開,目睭褫袂開,
521,忝,thiám,,疲累、嚴重,"活欲忝死、予伊害甲真忝",悿
522,疼,thiànn,,痛、疼愛,"喙齒疼、疼惜、疼囝",
523,刁工,thiau-kang,tiau-kang,特地、故意,"刁工來看你、刁工講的",
524,斟,thîn,,"斟、倒(茶)",斟茶、斟酒,漛
525,伨,thīn,,"支持、使平均、婚配","相伨、伨頭、伨親",媵
526,褪,thǹg,thuìnn,蛻換、脫下,褪殼、褪衫,
527,討債,thó-tsè,,浪費,"討債囡仔、有夠討債",
528,捅,thóng,,"冒出、出頭、啄","捅頭、三十捅歲、雞仔捅米",
529,土,thóo,,"土地、土性、本地的","土地、土直、土產",
530,塗,thôo,,"泥土、地上、糟糕","塗沙、塗跤、塗塗塗",土
531,拖,thua,,拖延、勞碌,"代誌毋通拖、拖磨",
532,挩,thuah,,"來回拖拉、來回搓洗","挩門、挩窗、挩枋",
533,屜,thuah,,抽屜,屜仔、頂屜,
534,托,thuh,,承舉,托懸、托下頦,
535,黜,thuh,,"鏟(除)、揭露","黜鼎疕、黜沙、黜臭",
536,坉,thūn,,填入,"坉井、坉塗、坉本",填
537,智識,tì-sik,tì-sit,知識,"智識份子、無智識",知識
538,箸,tī,tīr、tū,筷子,碗箸、一雙箸,
539,佇,tī,tīr、tū,在,佇遮、有佇咧,
540,踮,tiàm,tàm,在、住,"我踮遮等你、恁兜踮佗位",
541,顛倒,tian-tò,,顛倒、反而,"顛倒反、顛倒好",
542,鼎,tiánn,,鍋子,大鼎、鼎鍋仔,鐤
543,埕,tiânn,,庭院、廣場,"頭前埕、運動埕",庭
544,定定,tiānn-tiānn,,常常、時常,"定定去、愛定定運動",
545,定定,tiānn-tiānn,,靜止不動,徛定定,
546,定著,tiānn-tio̍h,,"定、一定、安穩","已經講定著矣、明仔載定著會落雨、坐予伊定著",
547,牢,tiâu,,"欄圈、牢、附著、錄取","牛牢、掠予牢、黏牢、考牢大學",椆、稠
548,抌,tìm,,投、擲,抌石頭,
549,鎮位,tìn-uī,,佔地方,物件鎮位,
550,陣,tīn,,群,"一陣人、挨挨陣陣、陣頭",
551,頂,tíng,,頂、先前,"厝頂、一頂帽仔、頂擺",
552,亭仔跤,tîng-á-kha,,騎樓,"行亭仔跤較涼、佇亭仔跤覕雨","亭仔腳、亭仔骹"
553,𠕇,tīng,,硬,"𠕇柴、𠕇米、𠕇篤",橂
554,滇,tīnn,,滿、溢,傷滇、斟予滇,淀
555,趒,tiô,,彈跳、跳動,"趒跤頓蹄、驚一趒",
556,著,tio̍h,,"對、得、到、必須","毋著、著獎、看著、著愛",
557,中晝,tiong-tàu,,中午、午飯,"透中晝、食中晝",
558,得,tit,tsit/lit/eh/lih,得,"袂記得、袂比得",
559,張持,tiunn-tî,tionn-tî,小心、注意,無張持,
560,轉,tńg,tuínn,"轉變、返、旋轉、周轉","轉南風、見笑轉受氣、轉去、輪仔咧轉、支票小轉一下",返
561,頓,tǹg,tuìnn,"頓、蓋(章)、捶打、跌坐","顧三頓、頓印仔、頓椅頓桌、頓龜",
562,搪,tn̄g,,遇到,"搪著同學、拄搪",
563,都,to,,都,連一字都毋捌,
564,佗位,tó-uī,toh-uī,哪裡,"欲去佗位、學校佇佗位",叨位
565,倒,tò,,"傾倒、左邊、反向","倒掉、倒手、倒頭栽",
566,倒摔向,tò-siàng-hiànn,tò-siak-hiànn,向後摔倒,"跋一下倒摔向、坐無拄好倒摔向",
567,就,tō,"tio̍h/to̍h/tiō/tsiū",就......,按呢就著,著
568,著,to̍h,tio̍h,"著、點燃、點著、點亮","著火、電火點予著",𤏸
569,剁,tok,,剁,剁肉、剁斷,斵
570,啄龜,tok-ku,,打瞌睡,上課啄龜,
571,當做,tòng-tsò,tòng-tsuè,當做、當作,"食苦當做食補、共冊當做寶貝",
572,撞,tōng,,碰擊、撞,"撞球、撞著壁、撞一空",
573,杜蚓,tōo-kún,"tōo-ún、tōo-kín",蚯蚓,挖杜蚓,塗蚓
574,查某,tsa-bóo,,女人、女性,"查某囝、查某人",
575,昨昏,tsa-hng,tsa̍h-hng,昨天,伊昨昏無來,
576,查埔,tsa-poo,ta-poo,男子、男性,"查埔人、查埔囡仔","查甫、查夫"
577,紮,tsah,,攜帶,紮錢、紮便當,
578,閘,tsa̍h,,阻擋、閘,閘水、水閘仔,截
579,知,tsai,,知道,知影、知苦,
580,才調,tsâi-tiāu,,本事、能力,"有才調、無才調",
581,蹔,tsàm,,"踹、跺、用力踏","蹔予伊斷、蹔跤步",
582,站,tsām,,陣子,彼站、這站仔,
583,站節,tsām-tsat,,分寸,"有站節、無站節",暫節
584,欉,tsâng,,棵,"大欉樹仔、一欉玫瑰",叢
585,乍,tsànn,,汆燙、過油,乍白菜、乍油,
586,雜唸,tsa̍p-liām,tsau̍h-liām,嘮叨,伊真雜唸,雜念
587,節,tsat,,節、節制,"關節、小節一下",
588,實,tsa̍t,,"密實、滿、堵塞","實櫼、實捅捅、實鼻",
589,走,tsáu,,"跑、逃、賽跑","四界走、走路、走標",
590,走味,tsáu-bī,,失去原味,"這杯咖啡走味矣",
591,灶,tsàu,,灶,灶跤、灶頭,竈
592,這,tse,,這,這是啥,今、即
593,濟,tsē,tsuē、tserē,多,濟話、濟少,
594,鑿目,tsha̍k-ba̍k,,刺眼、礙眼,看了真鑿目,
595,摻,tsham,,摻、混合,"摻一寡糖、摻鹽",攙
596,參,tsham,,加入、和,"參加、我參你去",
597,草蜢仔,tsháu-meh-á,,蚱蜢,草蜢仔弄雞公,
598,冊,tsheh,,書,冊包、冊店,
599,青,tshenn,tshinn,綠、青,青色、青草,
600,生份,tshenn-hūn,"sinn-hūn、senn-hūn、tshinn-hūn",陌生、生疏,"驚生份、生份路","生分、青份、青分"
601,青盲,tshenn-mê,tshinn-mî,失明,"青盲牛、青盲雞",青瞑
602,刺毛蟲,"tshì-môo-thâng/tshì-moo-thâng",,毛毛蟲,"囡仔驚刺毛蟲、刺毛蟲會變尾蝶仔",
603,車,tshia,,車,計程車、車頭,
604,刺,tshiah,,"編織、繡、刺、縫製","刺膨紗、刺皮鞋、刺字",赤
605,攕,tshiám,,叉、串,攕仔、李仔攕,
606,唱聲,tshiàng-siann,,"大聲表達反對或不滿的意見、出言挑釁",共人唱聲,倡聲
607,倩,tshiànn,,聘僱、僱用,倩工人、倩車,
608,搜,tshiau,,"翻動搜尋、攪拌","搜物件、搜皮箱、搜紅毛塗",抄
609,撨,tshiâu,,"調整、協商、推拿、挪移","撨時鐘、撨價數、撨骨、撨徙位、人咧做天咧撨",
610,揤,tshih̍,jih̍,按、壓,"揤電鈴、揤予伊牢",
611,粟,tshik,,穀粒、稻穀,粟仔、粟鳥仔,
612,親像,tshin-tshiūnn,"tshan-tshiūnn、tshin-tshiōnn",好像、好比,"足親像、親像講......",
613,親情,tshin-tsiânn,,親戚,"親情五十、親情朋友",親成
614,凊彩,tshìn-tshái,,隨便、馬虎,"凊彩講、毋通凊彩",請裁
615,清氣,tshing-khì,,乾淨、清潔,"清氣相、愛清氣",
616,清芳,tshing-phang,,清香、芬芳,"花真清芳、春天花正清芳",
617,擤,tshìng,sǹg,擤,擤鼻,
618,穿,tshīng,,穿,穿衫、食穿,
619,鮮,tshinn,,新鮮,"鮮魚仔、肉有鮮",
620,笑咍咍,tshiò-hai-hai,,哈哈笑,聽一下笑咍咍,笑咳咳
621,拭,tshit,,擦、拭,拭喙、拭仔,
622,𨑨迌,tshit-thô,thit-thô,"玩耍、遊玩、遊蕩","好𨑨迌、出國𨑨迌、𨑨迌人","彳亍、佚陶、得桃、敕桃"
623,手電(仔),tshiú-tiān(-á),,手電筒,"用手電(仔)炤路",
624,吮,tshńg,tshuínn,"(用舌頭)剔出、(用鳥喙)梳理","吮魚頭、吮魚骨、鳥仔吮毛",
625,創,tshòng,,創、做,創業、創啥,
626,創治,tshòng-tī,,捉弄、欺負,"創治人、毋通共人創治",
627,趨,tshu,,斜、滑,趨趨、趨雪,趄
628,厝,tshù,,房子、宅,起厝、厝邊,茨、戍
629,跙,tshū,,滑,跙一倒、跙冰,
630,𤆬,tshuā,,"帶領、引導、照顧",𤆬頭、𤆬囡仔,
631,娶,tshuā,,迎娶,娶某、嫁娶,
632,疶,tshuah,,洩出,疶屎、疶尿,
633,礤,tshuah,,"刨、礤床兒(刨具)","礤番薯簽、礤冰、菜礤",攃
634,掣,tshuah,,快速拔除,掣毛、掣斷,
635,攢,tshuân,,準備,"物件攢好勢、攢便便",僎
636,扦,tshuann,,刺,竹扦、扦著,䉔
637,炊,tshue,tshe/tsher,蒸,"炊粿、炊粽、炊飯",
638,箠,tshuê,tshê/tshêr,竹鞭、桿,箠仔、球箠,棰
639,揣,tshuē,tshē/tshēr,找,揣物件、相揣,
640,喙,tshuì,,嘴,好喙、喙舌,嘴
641,喙䫌,tshuì-phué,tshuì-phé,臉頰,摸喙䫌,"喙䩉、嘴䩉"
642,喙脣,tshuì-tûn,,嘴脣,喙脣焦焦,嘴唇
643,賰,tshun,,剩、有餘,"賰偌濟、時間賰偌久、有賰",偆、伸
644,糍,tsî,,麻糬,麻糍,餈、粢
645,遮,tsia,tsiâ,這、這裡,佇遮,這
646,遮的,tsia--ê,tsua--ê,這些,遮的予你,遮个
647,遮的,tsia ê,,這裡的,遮的人,遮个
648,才,tsiah,,才,"到今你才知、拄才",則、即
649,遮,tsiah,,這麼,遮緊,即
650,遮爾,tsiah-nī,,多麼、這麼,"遮爾媠、遮爾大","遮呢、這呢、即爾"
651,食,tsia̍h,,吃、喝,食穿、食茶,噍、吃
652,針黹,tsiam-tsí,,女紅、針黹,"教查某囝做針黹、針黹真幼路",
653,煎,tsian,,"油煎、油煎食品","煎魚仔、煎卵、蚵仔煎",
654,汫,tsiánn,,"(味道)淡、(個性)軟弱","鹹汫、汫水、軟汫",𩟗
655,誠,tsiânn,,很、非常,誠貴、誠好,
656,成,tsiânn,,成,成人、成百个,
657,照起工,tsiàu-khí-kang,,按部就班,"照起工做、照起工來",照紀綱
658,寂寞,tsik̍-bo̍k,"siok-bo̍k/tsı̍t-bo̍k",寂寞,寂寞的心情,
659,唚,tsim,,親嘴、吻,相唚、唚喙䫌,
660,斟酌,tsim-tsiok,,仔細、留意,"斟酌看、小斟酌一下",
661,舂,tsing,,揍、撞、搗,"相舂、舂著壁、舂米",
662,從,tsîng,tsn̂g,自......,"從細漢、從到今",
663,櫼,tsinn,,"(硬塞)進去、擠進去、楔子",櫼入去、櫼仔,掙
664,茈,tsínn,tsí,幼、嫩,茈薑、幼茈,芓、嫩
665,糋,tsìnn,,"油炸、油炸食品","糋甜粿、豆乾糋",
666,舐,tsīnn,tsn̄g/tsuīnn/tsī,舔,"舐指頭仔、舐枝仔冰、舐盤仔",
667,少,tsió,,少,少數、至少,
668,這,tsit,,這,這陣,今、即
669,這馬,tsit-má,"tsit-mái/tsit-muá",現在,"這馬隨來去、這馬幾點","即馬、這碼、職馬、這嘛"
670,一寡(仔),tsı̍t-kuá(-á),,少許、一些,"一寡物件、一寡仔錢",
671,守,tsiú,,守,守空房、守寡,
672,咒誓,tsiù-tsuā,,發誓、詛咒,"毋通凊彩咒誓、咒誓予別人死",
673,就,tsiū,,就、遷就,"成就、就業、我就伊",
674,螿蜍,tsiunn-tsî,"tsionn-tsî/tsiong-tsîr/tsiunn-tsû/tsiong-tsû","蟾蜍、癩蝦蟆","螿蜍有毒性、螿蜍展氣功",螿蠩
675,做伙,tsò-hué,"tsuè-hé、tserè-hér",一起,"做伙耍、做伙來去","做夥、作夥"
676,作穡,tsoh-sit,,種田、工作,"作穡人、認真作穡",做穡
677,昨日,tso̍h--jı̍t,"tso̍h--lı̍t/tso̍h--gı̍t",前天,昨日我拄著伊,
678,苴,tsū,,墊子、墊,"椅苴仔、苴枋、尿苴仔、苴報紙",
679,逝,tsuā,,"趟、(路)程、行、列","行一逝、一逝路、寫一逝",
680,煎,tsuann,,燒開、煎煮,煎茶、煎藥仔,
681,炸,tsuànn,,炸油、吹牛,"炸豬油、烏白炸",
682,水雞,tsuí-ke,"suí-kue/suí-ke/suí-kere",青蛙,"釣水雞、炒水雞、水雞跳真遠",
683,陣,tsūn,,陣、時候,一陣風、時陣,
684,拄,tú,,抵、遇到,"拄著貴人、相拄",抵
685,注,tù,,"賭注、筆(量詞)","硩注、拚孤注、一注錢",
686,駐,tū,,沉浸,駐水、駐死,
687,蹛,tuà,,在、住,"蹛飯店、蹛佇遮",帶、滯
688,"(大)肚胿仔",(tuā-)tōo-kuai-á,(tuā-)tōo-kui-á,蝌蚪,"水池仔足濟肚胿仔",
689,綴,tuè,tè/tèr,跟、隨,"綴人講、綴人時行、綴袂著陣",
690,盹龜,tuh-ku,,打瞌睡,上課盹龜,"拄龜、拄痀、盹眗"
691,揬,tu̍h,,戳、刺,揬破、揬一空,
692,倚,uá,,靠近、依靠,"倚晝、相倚、倚靠",
693,冤家,uan-ke,,爭吵、仇人,"冤家相拍、冤家變親家",怨家
694,怨嘆,uàn-thàn,,怨恨悲嘆,"怨嘆月暝、毋免怨嘆",
695,晏,uànn,,晚、遲,晏睏、晏起來,
696,斡,uat,,轉彎,"斡正爿、彎彎斡斡",
697,越,ua̍t,,轉、回轉,越頭、越轉身,斡
698,揻,ui,,"用尖物旋轉鑽孔",親像針咧揻,
699,搵,ùn,,蘸、沾,搵豆油、搵料,
700,鬱卒,ut-tsut,,抑鬱、苦悶,有夠鬱卒,
