1,阿,a,,阿,阿母、阿爸,,[sound:minnan700-1-阿.mp3],[sound:minnan700-1-阿母.mp3],[sound:minnan700-1-阿爸.mp3],,,,閩南語
2,阿妗,a-kīm,,舅媽,阮阿舅佮阿妗咧做生理,,[sound:minnan700-2-阿妗.mp3],[sound:minnan700-2-阮阿舅佮阿妗咧做生理.mp3],,,,,閩南語
3,阿姆,a-ḿ,,伯母,阮阿伯佮阿姆真疼我,,[sound:minnan700-3-阿姆.mp3],[sound:minnan700-3-阮阿伯佮阿姆真疼我.mp3],,,,,閩南語
4,仔,á,,仔、子,囡仔、心肝仔囝,,[sound:minnan700-4-仔.mp3],[sound:minnan700-4-囡仔.mp3],[sound:minnan700-4-心肝仔囝.mp3],,,,閩南語
5,壓霸,ah-pà,,霸道,真壓霸,惡霸,[sound:minnan700-5-壓霸.mp3],[sound:minnan700-5-真壓霸.mp3],,,,,閩南語
6,曷,a̍h,,何須、哪,曷使、曷著、曷敢,,[sound:minnan700-6-曷.mp3],[sound:minnan700-6-曷使.mp3],[sound:minnan700-6-曷著.mp3],[sound:minnan700-6-曷敢.mp3],,,閩南語
7,抑是,a̍h-sī,iah-sī/ah-sī/á-sī/ia̍h-sī,或是、或者,好抑是毋好,益是,[sound:minnan700-7-抑是.mp3],[sound:minnan700-7-好抑是毋好.mp3],,,,,閩南語
8,愛,ài,,喜歡、想要、愛,愛耍、愛睏,,[sound:minnan700-8-愛.mp3],[sound:minnan700-8-愛耍.mp3],[sound:minnan700-8-愛睏.mp3],,,,閩南語
9,偝,āinn,iāng,背(人),偝囡仔、偝巾,,[sound:minnan700-9-偝.mp3],[sound:minnan700-9-偝囡仔.mp3],[sound:minnan700-9-偝巾.mp3],,,,閩南語
10,沃,ak,,澆、淋,沃花、沃雨,渥,[sound:minnan700-10-沃.mp3],[sound:minnan700-10-沃花.mp3],[sound:minnan700-10-沃雨.mp3],,,,閩南語
11,泔,ám,,稀的、米湯,糜傷泔、泔糜仔、漿泔,,[sound:minnan700-11-泔.mp3],[sound:minnan700-11-糜傷泔.mp3],[sound:minnan700-11-泔糜仔.mp3],[sound:minnan700-11-漿泔.mp3],,,閩南語
12,頷頸,ām-kún,,脖子、頸項,頷頸筋、頷頸伸長長、頷頸生瘤──拄著,頷䫀,[sound:minnan700-12-頷頸.mp3],[sound:minnan700-12-頷頸筋.mp3],[sound:minnan700-12-頷頸伸長長.mp3],[sound:minnan700-12-頷頸生瘤──拄著.mp3],,,閩南語
13,按呢,án-ne,,這樣、如此,按呢做、按呢生,,[sound:minnan700-13-按呢.mp3],[sound:minnan700-13-按呢做.mp3],[sound:minnan700-13-按呢生.mp3],,,,閩南語
14,按怎,án-tsuánn,àn-tsuánn/án-nuá/án-ná,怎麼、怎樣,按怎樣、按怎講、按怎寫,,[sound:minnan700-14-按怎.mp3],[sound:minnan700-14-按怎樣.mp3],[sound:minnan700-14-按怎講.mp3],[sound:minnan700-14-按怎寫.mp3],,,閩南語
15,絚,ân,,緊、不寬裕,縛絚絚、手頭絚,拫,[sound:minnan700-15-絚.mp3],[sound:minnan700-15-縛絚絚.mp3],[sound:minnan700-15-手頭絚.mp3],,,,閩南語
16,翁,ang,,丈夫,翁某、翁婿,,[sound:minnan700-16-翁.mp3],[sound:minnan700-16-翁某.mp3],[sound:minnan700-16-翁婿.mp3],,,,閩南語
17,尪仔,ang-á,,玩偶、人像,布袋戲尪仔、尪仔標,翁仔,[sound:minnan700-17-尪仔.mp3],[sound:minnan700-17-布袋戲尪仔.mp3],[sound:minnan700-17-尪仔標.mp3],,,,閩南語
18,遏,at,,折斷,遏斷、遏樹枝,,[sound:minnan700-18-遏.mp3],[sound:minnan700-18-遏斷.mp3],[sound:minnan700-18-遏樹枝.mp3],,,,閩南語
19,漚,au,,浸泡、醃,漚衫、漚鹹菜,,[sound:minnan700-19-漚.mp3],[sound:minnan700-19-漚衫.mp3],[sound:minnan700-19-漚鹹菜.mp3],,,,閩南語
20,甌,au,,小杯子,茶甌、一甌茶,,[sound:minnan700-20-甌.mp3],[sound:minnan700-20-茶甌.mp3],[sound:minnan700-20-一甌茶.mp3],,,,閩南語
21,拗,áu,,折、扭曲,拗斷、硬拗,,[sound:minnan700-21-拗.mp3],[sound:minnan700-21-拗斷.mp3],[sound:minnan700-21-硬拗.mp3],,,,閩南語
22,漚,àu,,爛、不好、卑劣,柴漚去、漚貨、漚步,,[sound:minnan700-22-漚.mp3],[sound:minnan700-22-柴漚去.mp3],[sound:minnan700-22-漚貨.mp3],[sound:minnan700-22-漚步.mp3],,,閩南語
23,後日,āu--jı̍t,āu--lı̍t、āu--gı̍t,後天,後日過年、大後日,,[sound:minnan700-23-後日.mp3],[sound:minnan700-23-後日過年.mp3],[sound:minnan700-23-大後日.mp3],,,,閩南語
24,後日,āu-jı̍t,āu-lı̍t、āu-gı̍t,日後、以後、他日,後日還你,,[sound:minnan700-24-後日.mp3],[sound:minnan700-24-後日還你.mp3],,,,,閩南語
25,後壁,āu-piah,,背面、後面,囥後壁、後壁鄉,,[sound:minnan700-25-後壁.mp3],[sound:minnan700-25-囥後壁.mp3],[sound:minnan700-25-後壁鄉.mp3],,,,閩南語
26,峇,bā,,密合、契合,門關無峇、阮兩人個性真峇,密,[sound:minnan700-26-峇.mp3],[sound:minnan700-26-門關無峇.mp3],[sound:minnan700-26-阮兩人個性真峇.mp3],,,,閩南語
27,䆀,bái,,不好、醜,心情䆀、環境䆀、真䆀,,[sound:minnan700-27-䆀.mp3],[sound:minnan700-27-心情䆀.mp3],[sound:minnan700-27-環境䆀.mp3],[sound:minnan700-27-真䆀.mp3],,,閩南語
28,目,ba̍k,,眼,目鏡、目眉,,[sound:minnan700-28-目.mp3],[sound:minnan700-28-目鏡.mp3],[sound:minnan700-28-目眉.mp3],,,,閩南語
29,茉莉,ba̍k-nī,bāng-lē,茉莉,六月茉莉真清芳,,[sound:minnan700-29-茉莉.mp3],[sound:minnan700-29-六月茉莉真清芳.mp3],,,,,閩南語
30,目屎,ba̍k-sái,,眼淚,傷心流目屎,,[sound:minnan700-30-目屎.mp3],[sound:minnan700-30-傷心流目屎.mp3],,,,,閩南語
31,挽,bán,,摘、採、採摘,挽花、挽茶、挽果子,,[sound:minnan700-31-挽.mp3],[sound:minnan700-31-挽花.mp3],[sound:minnan700-31-挽茶.mp3],[sound:minnan700-31-挽果子.mp3],,,閩南語
32,蠻皮,bân-phuê,bân-phê、bân-phêr,頑強不化,你真蠻皮,慢皮,[sound:minnan700-32-蠻皮.mp3],[sound:minnan700-32-你真蠻皮.mp3],,,,,閩南語
33,慢且,bān-tshiánn,,等一下、稍待片刻,慢且是、慢且講、慢且咧,,[sound:minnan700-33-慢且.mp3],[sound:minnan700-33-慢且是.mp3],[sound:minnan700-33-慢且講.mp3],[sound:minnan700-33-慢且咧.mp3],,,閩南語
34,蠓,báng,,蚊子,蠓仔、蠓罩,蚊,[sound:minnan700-34-蠓.mp3],[sound:minnan700-34-蠓仔.mp3],[sound:minnan700-34-蠓罩.mp3],,,,閩南語
35,茫,bâng,bông,神智不清、模糊不清,啉甲醉茫茫、白茫茫,濛,[sound:minnan700-35-茫.mp3],[sound:minnan700-35-啉甲醉茫茫.mp3],[sound:minnan700-35-白茫茫.mp3],,,,閩南語
36,捌,bat,pat,認識、曾經,捌字、捌去,,[sound:minnan700-36-捌.mp3],[sound:minnan700-36-捌字.mp3],[sound:minnan700-36-捌去.mp3],,,,閩南語
37,密,ba̍t,,密,草仔發甲真密、密密密,,[sound:minnan700-37-密.mp3],[sound:minnan700-37-草仔發甲真密.mp3],[sound:minnan700-37-密密密.mp3],,,,閩南語
38,袂,bē,buē,不、不能、不會,袂食袂睏、袂行、袂來,𣍐,[sound:minnan700-38-袂.mp3],[sound:minnan700-38-袂食袂睏.mp3],[sound:minnan700-38-袂行.mp3],[sound:minnan700-38-袂來.mp3],,,閩南語
39,袂當,bē-tàng,buē-tàng,不行、不能、不可以,袂當去、袂當繼續,袂凍,[sound:minnan700-39-袂當.mp3],[sound:minnan700-39-袂當去.mp3],[sound:minnan700-39-袂當繼續.mp3],,,,閩南語
40,欲,beh,bueh、berh,要、如果、快要,欲食飯、欲知、強欲,要、卜,[sound:minnan700-40-欲.mp3],[sound:minnan700-40-欲食飯.mp3],[sound:minnan700-40-欲知.mp3],[sound:minnan700-40-強欲.mp3],,,閩南語
41,眯,bî,,小睡、瞄,小眯一下、予我眯著,瞇,[sound:minnan700-41-眯.mp3],[sound:minnan700-41-小眯一下.mp3],[sound:minnan700-41-予我眯著.mp3],,,,閩南語
42,微,bî,,微、細小、輕微,風微微仔吹、微微仔笑,,[sound:minnan700-42-微.mp3],[sound:minnan700-42-風微微仔吹.mp3],[sound:minnan700-42-微微仔笑.mp3],,,,閩南語
43,沬,bī,,潛水,沬水,,[sound:minnan700-43-沬.mp3],[sound:minnan700-43-沬水.mp3],,,,,閩南語
44,覕,bih,,躲藏,覕雨、覕相揣,匿、宓,[sound:minnan700-44-覕.mp3],[sound:minnan700-44-覕雨.mp3],[sound:minnan700-44-覕相揣.mp3],,,,閩南語
45,抿,bín,,刷、刷子,齒抿仔、鞋抿仔,刡,[sound:minnan700-45-抿.mp3],[sound:minnan700-45-齒抿仔.mp3],[sound:minnan700-45-鞋抿仔.mp3],,,,閩南語
46,敏豆(仔),bín-tāu(-á),,四季豆,敏豆仔炒肉絲,,[sound:minnan700-46-敏豆(仔).mp3],[sound:minnan700-46-敏豆仔炒肉絲.mp3],,,,,閩南語
47,明仔載,bîn-á-tsài,miâ-á-tsài、bîn-nà-tsài,明天、明日,明仔載會好天,明仔再、明旦載,[sound:minnan700-47-明仔載.mp3],[sound:minnan700-47-明仔載會好天.mp3],,,,,閩南語
48,眠夢,bîn-bāng,,做夢,閣咧眠夢,,[sound:minnan700-48-眠夢.mp3],[sound:minnan700-48-閣咧眠夢.mp3],,,,,閩南語
49,面,bīn,,臉、面,面色、面熟,,[sound:minnan700-49-面.mp3],[sound:minnan700-49-面色.mp3],[sound:minnan700-49-面熟.mp3],,,,閩南語
50,無,bô,,無、沒有,無錢、無閒,,[sound:minnan700-50-無.mp3],[sound:minnan700-50-無錢.mp3],[sound:minnan700-50-無閒.mp3],,,,閩南語
51,無較縒,bô-khah-tsua̍h,,情況不會變得更好、於事無補,閣較講嘛無較縒,,[sound:minnan700-51-無較縒.mp3],[sound:minnan700-51-閣較講嘛無較縒.mp3],,,,,閩南語
52,無彩,bô-tshái,,可惜、白費,無彩錢、無彩工,無采,[sound:minnan700-52-無彩.mp3],[sound:minnan700-52-無彩錢.mp3],[sound:minnan700-52-無彩工.mp3],,,,閩南語
53,罔,bóng,,姑且、將就,罔看、罔食,,[sound:minnan700-53-罔.mp3],[sound:minnan700-53-罔看.mp3],[sound:minnan700-53-罔食.mp3],,,,閩南語
54,雺,bông,,大霧,罩雺、起雺、雺霧,濛、茫,[sound:minnan700-54-雺.mp3],[sound:minnan700-54-罩雺.mp3],[sound:minnan700-54-起雺.mp3],[sound:minnan700-54-雺霧.mp3],,,閩南語
55,某,bóo,,妻子、太太、老婆,翁仔某、某囝,姥,[sound:minnan700-55-某.mp3],[sound:minnan700-55-翁仔某.mp3],[sound:minnan700-55-某囝.mp3],,,,閩南語
56,舞,bú,,舞、胡搞,跳舞、烏白舞,,[sound:minnan700-56-舞.mp3],[sound:minnan700-56-跳舞.mp3],[sound:minnan700-56-烏白舞.mp3],,,,閩南語
57,母,bú,bó,母,阿母、老母,,[sound:minnan700-57-母.mp3],[sound:minnan700-57-阿母.mp3],[sound:minnan700-57-老母.mp3],,,,閩南語
58,尾,bué,bé、bér,尾巴、後面、尾,尾溜、尾後、一尾魚,,[sound:minnan700-58-尾.mp3],[sound:minnan700-58-尾溜.mp3],[sound:minnan700-58-尾後.mp3],[sound:minnan700-58-一尾魚.mp3],,,閩南語
59,尾蝶(仔)/(尾)蝶仔,bué-ia̍h(-á)/(bué-)ia̍h-á,bér-ia̍h(-á)/bé-ia̍h(-á),蝴蝶,掠尾蝶仔、花園有真濟尾蝶仔,尾蛾(仔)、(美)蝶仔,[sound:minnan700-59-尾蝶(仔)/(尾)蝶仔.mp3],[sound:minnan700-59-掠尾蝶仔.mp3],[sound:minnan700-59-花園有真濟尾蝶仔.mp3],,,,閩南語
60,魩仔魚,but-á-hî,but-á-hîr/but-á-hû,(鯷魚類和沙丁魚類的)魚苗,魩仔魚糜,,[sound:minnan700-60-魩仔魚.mp3],[sound:minnan700-60-魩仔魚糜.mp3],,,,,閩南語
61,的,ê,,的,我的、公家的,个,[sound:minnan700-61-的.mp3],[sound:minnan700-61-我的.mp3],[sound:minnan700-61-公家的.mp3],,,,閩南語
62,个,ê,,個,一个、足濟个,,[sound:minnan700-62-个.mp3],[sound:minnan700-62-一个.mp3],[sound:minnan700-62-足濟个.mp3],,,,閩南語
63,下,ē,e,下(表時間或做詞頭),下晡、下晝、下昏、下暗,,[sound:minnan700-63-下.mp3],[sound:minnan700-63-下晡.mp3],[sound:minnan700-63-下晝.mp3],[sound:minnan700-63-下昏.mp3],[sound:minnan700-63-下暗.mp3],,閩南語
64,下,ē,,下面、一下,下跤、一下,,[sound:minnan700-64-下.mp3],[sound:minnan700-64-下跤.mp3],[sound:minnan700-64-一下.mp3],,,,閩南語
65,會,ē,uē、erē,可以、會,會使、會曉,,[sound:minnan700-65-會.mp3],[sound:minnan700-65-會使.mp3],[sound:minnan700-65-會曉.mp3],,,,閩南語
66,下頦,ē-hâi,ē-huâi,下巴,下頦尖尖、落下頦,,[sound:minnan700-66-下頦.mp3],[sound:minnan700-66-下頦尖尖.mp3],[sound:minnan700-66-落下頦.mp3],,,,閩南語
67,會當,ē-tàng,,可以、能夠,會當去,會凍,[sound:minnan700-67-會當.mp3],[sound:minnan700-67-會當去.mp3],,,,,閩南語
68,狹,eh̍,,窄,巷仔真狹、狹裙,,[sound:minnan700-68-狹.mp3],[sound:minnan700-68-巷仔真狹.mp3],[sound:minnan700-68-狹裙.mp3],,,,閩南語
69,礙虐,gāi-gio̍h,ngāi-gio̍h,彆扭、不舒服,愈想愈礙虐、聽著真礙虐,,[sound:minnan700-69-礙虐.mp3],[sound:minnan700-69-愈想愈礙虐.mp3],[sound:minnan700-69-聽著真礙虐.mp3],,,,閩南語
70,愣,gāng,,失神、發呆,愣去、愣愣,,[sound:minnan700-70-愣.mp3],[sound:minnan700-70-愣去.mp3],[sound:minnan700-70-愣愣.mp3],,,,閩南語
71,𠢕,gâu,,很會、能幹、擅長、常常,𠢕早、假𠢕、𠢕煮食、𠢕破病,賢、爻,[sound:minnan700-71-𠢕.mp3],[sound:minnan700-71-𠢕早.mp3],[sound:minnan700-71-假𠢕.mp3],[sound:minnan700-71-𠢕煮食.mp3],[sound:minnan700-71-𠢕破病.mp3],,閩南語
72,夯,giâ,,扛、發作,夯貨、舊症頭夯起來,,[sound:minnan700-72-夯.mp3],[sound:minnan700-72-夯貨.mp3],[sound:minnan700-72-舊症頭夯起來.mp3],,,,閩南語
73,攑,gia̍h,kia̍h,拿、舉起、豎起,攑箸、攑頭、攑手,揭、舉,[sound:minnan700-73-攑.mp3],[sound:minnan700-73-攑箸.mp3],[sound:minnan700-73-攑頭.mp3],[sound:minnan700-73-攑手.mp3],,,閩南語
74,鋏,giap,,夾,頭毛鋏仔、頭毛鋏予伊好,,[sound:minnan700-74-鋏.mp3],[sound:minnan700-74-頭毛鋏仔.mp3],[sound:minnan700-74-頭毛鋏予伊好.mp3],,,,閩南語
75,挾,gia̍p,,夾住,挾咧,,[sound:minnan700-75-挾.mp3],[sound:minnan700-75-挾咧.mp3],,,,,閩南語
76,扲,gīm,,緊握,扲牢牢,,[sound:minnan700-76-扲.mp3],[sound:minnan700-76-扲牢牢.mp3],,,,,閩南語
77,囡仔,gín-á,,孩子,查某囡仔、囡仔兄,囝仔,[sound:minnan700-77-囡仔.mp3],[sound:minnan700-77-查某囡仔.mp3],[sound:minnan700-77-囡仔兄.mp3],,,,閩南語
78,凝,gîng,,鬱結,心肝足凝、凝心,,[sound:minnan700-78-凝.mp3],[sound:minnan700-78-心肝足凝.mp3],[sound:minnan700-78-凝心.mp3],,,,閩南語
79,戇,gōng,,傻,戇人、戇呆,,[sound:minnan700-79-戇.mp3],[sound:minnan700-79-戇人.mp3],[sound:minnan700-79-戇呆.mp3],,,,閩南語
80,我,guá,,我,是我,,[sound:minnan700-80-我.mp3],[sound:minnan700-80-是我.mp3],,,,,閩南語
81,外,guā,,外、娘家的,外口、外家,,[sound:minnan700-81-外.mp3],[sound:minnan700-81-外口.mp3],[sound:minnan700-81-外家.mp3],,,,閩南語
82,外,guā,,多、餘,十外歲、百外个,,[sound:minnan700-82-外.mp3],[sound:minnan700-82-十外歲.mp3],[sound:minnan700-82-百外个.mp3],,,,閩南語
83,阮,guán,gún,我們、我的,阮的、阮兜,,[sound:minnan700-83-阮.mp3],[sound:minnan700-83-阮的.mp3],[sound:minnan700-83-阮兜.mp3],,,,閩南語
84,外,guē,,外,外甥、員外,,[sound:minnan700-84-外.mp3],[sound:minnan700-84-外甥.mp3],[sound:minnan700-84-員外.mp3],,,,閩南語
85,月娘,gueh̍-niû,geh̍-niû/ger̍h-niû,月亮,月娘笑阮戇大呆、日頭佮月娘,,[sound:minnan700-85-月娘.mp3],[sound:minnan700-85-月娘笑阮戇大呆.mp3],[sound:minnan700-85-日頭佮月娘.mp3],,,,閩南語
86,縖,hâ,,繫、圍,縖褲帶、縖裙,,[sound:minnan700-86-縖.mp3],[sound:minnan700-86-縖褲帶.mp3],[sound:minnan700-86-縖裙.mp3],,,,閩南語
87,箬,ha̍h,,外殼、外皮,竹箬、甘蔗箬,笚,[sound:minnan700-87-箬.mp3],[sound:minnan700-87-竹箬.mp3],[sound:minnan700-87-甘蔗箬.mp3],,,,閩南語
88,合,ha̍h,,契合、適合,個性會合、合軀,,[sound:minnan700-88-合.mp3],[sound:minnan700-88-個性會合.mp3],[sound:minnan700-88-合軀.mp3],,,,閩南語
89,海海,hái-hái,,看開些、不計較、不過如此,人生海海,,[sound:minnan700-89-海海.mp3],[sound:minnan700-89-人生海海.mp3],,,,,閩南語
90,海湧,hái-íng,,海浪,海湧真大,,[sound:minnan700-90-海湧.mp3],[sound:minnan700-90-海湧真大.mp3],,,,,閩南語
91,蚶仔,ham-á,,文蛤,蚶仔湯足清甜,,[sound:minnan700-91-蚶仔.mp3],[sound:minnan700-91-蚶仔湯足清甜.mp3],,,,,閩南語
92,譀,hàm,,荒誕不實、放大,譀古、譀鏡,泛、幻,[sound:minnan700-92-譀.mp3],[sound:minnan700-92-譀古.mp3],[sound:minnan700-92-譀鏡.mp3],,,,閩南語
93,陷眠,hām-bîn,,夢囈,伊咧陷眠,,[sound:minnan700-93-陷眠.mp3],[sound:minnan700-93-伊咧陷眠.mp3],,,,,閩南語
94,吼,háu,,哭、叫,愛吼、鳥仔咧吼,哮,[sound:minnan700-94-吼.mp3],[sound:minnan700-94-愛吼.mp3],[sound:minnan700-94-鳥仔咧吼.mp3],,,,閩南語
95,後生,hāu-senn,hāu-sinn,兒子,阮後生、生後生,,[sound:minnan700-95-後生.mp3],[sound:minnan700-95-阮後生.mp3],[sound:minnan700-95-生後生.mp3],,,,閩南語
96,彼,he,,那,彼是我的,,[sound:minnan700-96-彼.mp3],[sound:minnan700-96-彼是我的.mp3],,,,,閩南語
97,下,hē,,放,下鹽、下本錢,,[sound:minnan700-97-下.mp3],[sound:minnan700-97-下鹽.mp3],[sound:minnan700-97-下本錢.mp3],,,,閩南語
98,遐,hia,hiâ,那、那裡,佇遐,,[sound:minnan700-98-遐.mp3],[sound:minnan700-98-佇遐.mp3],,,,,閩南語
99,遐的,hia--ê,hua--ê,那些,遐的攏是我的,遐个,[sound:minnan700-99-遐的.mp3],[sound:minnan700-99-遐的攏是我的.mp3],,,,,閩南語
100,遐的,hia ê,,那裡的,遐的人,遐个,[sound:minnan700-100-遐的.mp3],[sound:minnan700-100-遐的人.mp3],,,,,閩南語
101,遐,hiah,,那麼,遐濟、遐慢,許、赫,[sound:minnan700-101-遐.mp3],[sound:minnan700-101-遐濟.mp3],[sound:minnan700-101-遐慢.mp3],,,,閩南語
102,遐爾,hiah-nī,,那麼,遐爾燒、遐爾遠,許呢、赫爾、遐呢,[sound:minnan700-102-遐爾.mp3],[sound:minnan700-102-遐爾燒.mp3],[sound:minnan700-102-遐爾遠.mp3],,,,閩南語
103,薟,hiam,,辣、嗆,薟椒仔、臭尿薟,馦,[sound:minnan700-103-薟.mp3],[sound:minnan700-103-薟椒仔.mp3],[sound:minnan700-103-臭尿薟.mp3],,,,閩南語
104,掀,hian,,掀、翻,掀開、掀報紙,,[sound:minnan700-104-掀.mp3],[sound:minnan700-104-掀開.mp3],[sound:minnan700-104-掀報紙.mp3],,,,閩南語
105,現出,hiàn-tshut,,呈現、現出,現出原形,,[sound:minnan700-105-現出.mp3],[sound:minnan700-105-現出原形.mp3],,,,,閩南語
106,現,hiān,,當下、清楚明白,現煮現食、看現現,,[sound:minnan700-106-現.mp3],[sound:minnan700-106-現煮現食.mp3],[sound:minnan700-106-看現現.mp3],,,,閩南語
107,現世,hiān-sì,,丟人現眼,足現世,,[sound:minnan700-107-現世.mp3],[sound:minnan700-107-足現世.mp3],,,,,閩南語
108,燃,hiânn,,燃燒,燃火、燃茶、燃滾水,烆,[sound:minnan700-108-燃.mp3],[sound:minnan700-108-燃火.mp3],[sound:minnan700-108-燃茶.mp3],[sound:minnan700-108-燃滾水.mp3],,,閩南語
109,㧒,hiat,,丟擲,㧒捔、烏白㧒,,[sound:minnan700-109-㧒.mp3],[sound:minnan700-109-㧒捔.mp3],[sound:minnan700-109-烏白㧒.mp3],,,,閩南語
110,囂俳,hiau-pai,hia-pai,囂張,囂俳無落魄的久、做人毋通傷囂俳,,[sound:minnan700-110-囂俳.mp3],[sound:minnan700-110-囂俳無落魄的久.mp3],[sound:minnan700-110-做人毋通傷囂俳.mp3],,,,閩南語
111,欣羨,him-siān,,羨慕,欣羨別人,歆羨,[sound:minnan700-111-欣羨.mp3],[sound:minnan700-111-欣羨別人.mp3],,,,,閩南語
112,形影,hîng-iánn,,身影,伊的形影,,[sound:minnan700-112-形影.mp3],[sound:minnan700-112-伊的形影.mp3],,,,,閩南語
113,歇,hioh,hennh、heh,休息,歇晝、歇熱、歇寒,,[sound:minnan700-113-歇.mp3],[sound:minnan700-113-歇晝.mp3],[sound:minnan700-113-歇熱.mp3],[sound:minnan700-113-歇寒.mp3],,,閩南語
114,雄雄,hiông-hiông,,突然、猛然、一時間,雄雄想無、雄雄走出來,,[sound:minnan700-114-雄雄.mp3],[sound:minnan700-114-雄雄想無.mp3],[sound:minnan700-114-雄雄走出來.mp3],,,,閩南語
115,翕,hip,,悶、悶熱,翕油飯、天氣真翕,熻,[sound:minnan700-115-翕.mp3],[sound:minnan700-115-翕油飯.mp3],[sound:minnan700-115-天氣真翕.mp3],,,,閩南語
116,翕,hip,,攝影,翕相,,[sound:minnan700-116-翕.mp3],[sound:minnan700-116-翕相.mp3],,,,,閩南語
117,彼,hit,,那,彼間厝、彼時,,[sound:minnan700-117-彼.mp3],[sound:minnan700-117-彼間厝.mp3],[sound:minnan700-117-彼時.mp3],,,,閩南語
118,好佳哉,hó-ka-tsài,,幸虧、幸好,真好佳哉,好嘉哉、好佳在,[sound:minnan700-118-好佳哉.mp3],[sound:minnan700-118-真好佳哉.mp3],,,,,閩南語
119,好勢,hó-sè,,妥當,講好勢、誠好勢,,[sound:minnan700-119-好勢.mp3],[sound:minnan700-119-講好勢.mp3],[sound:minnan700-119-誠好勢.mp3],,,,閩南語
120,風颱,hong-thai,,颱風,做風颱、風颱天,,[sound:minnan700-120-風颱.mp3],[sound:minnan700-120-做風颱.mp3],[sound:minnan700-120-風颱天.mp3],,,,閩南語
121,好,hònn,,喜好,好奇、好玄,,[sound:minnan700-121-好.mp3],[sound:minnan700-121-好奇.mp3],[sound:minnan700-121-好玄.mp3],,,,閩南語
122,胡蠅,hôo-sîn,,蒼蠅,拍胡蠅、趕胡蠅,葫蠅,[sound:minnan700-122-胡蠅.mp3],[sound:minnan700-122-拍胡蠅.mp3],[sound:minnan700-122-趕胡蠅.mp3],,,,閩南語
123,予,hōo,,給、被,予你、予人請,互,[sound:minnan700-123-予.mp3],[sound:minnan700-123-予你.mp3],[sound:minnan700-123-予人請.mp3],,,,閩南語
124,撫,hu,,撫摸,撫撫咧,,[sound:minnan700-124-撫.mp3],[sound:minnan700-124-撫撫咧.mp3],,,,,閩南語
125,拊,hú,,揉擦、(肉、魚)鬆,拊掉、拊仔、肉拊、拊魚拊,,[sound:minnan700-125-拊.mp3],[sound:minnan700-125-拊掉.mp3],[sound:minnan700-125-拊仔.mp3],[sound:minnan700-125-肉拊.mp3],[sound:minnan700-125-拊魚拊.mp3],,閩南語
126,喝,huah,,喊、叫,喝拳、大聲喝,,[sound:minnan700-126-喝.mp3],[sound:minnan700-126-喝拳.mp3],[sound:minnan700-126-大聲喝.mp3],,,,閩南語
127,橫直,huâinn-tı̍t,huînn-tı̍t,橫豎、反正,橫直攏仝款,,[sound:minnan700-127-橫直.mp3],[sound:minnan700-127-橫直攏仝款.mp3],,,,,閩南語
128,翻頭,huan-thâu,,回頭、隨後,翻頭隨無看見人、翻頭隨轉來,,[sound:minnan700-128-翻頭.mp3],[sound:minnan700-128-翻頭隨無看見人.mp3],[sound:minnan700-128-翻頭隨轉來.mp3],,,,閩南語
129,凡勢,huān-sè,,也許、可能、說不定,凡勢伊毋知、凡勢會落雨,犯勢,[sound:minnan700-129-凡勢.mp3],[sound:minnan700-129-凡勢伊毋知.mp3],[sound:minnan700-129-凡勢會落雨.mp3],,,,閩南語
130,法度,huat-tōo,,辦法,無法度,,[sound:minnan700-130-法度.mp3],[sound:minnan700-130-無法度.mp3],,,,,閩南語
131,花眉(仔),hue-bî(-á),hua-bî(-á),畫眉鳥,飼花眉仔,,[sound:minnan700-131-花眉(仔).mp3],[sound:minnan700-131-飼花眉仔.mp3],,,,,閩南語
132,費氣,huì-khì,,麻煩,有夠費氣、費氣費觸,,[sound:minnan700-132-費氣.mp3],[sound:minnan700-132-有夠費氣.mp3],[sound:minnan700-132-費氣費觸.mp3],,,,閩南語
133,瓷仔,huî-á,,陶瓷器,瓷仔碗、瓷仔工場,磁仔,[sound:minnan700-133-瓷仔.mp3],[sound:minnan700-133-瓷仔碗.mp3],[sound:minnan700-133-瓷仔工場.mp3],,,,閩南語
134,薰,hun,,香菸,食薰、薰草,,[sound:minnan700-134-薰.mp3],[sound:minnan700-134-食薰.mp3],[sound:minnan700-134-薰草.mp3],,,,閩南語
135,粉鳥,hún-tsiáu,,鴿子,飼粉鳥、放粉鳥,,[sound:minnan700-135-粉鳥.mp3],[sound:minnan700-135-飼粉鳥.mp3],[sound:minnan700-135-放粉鳥.mp3],,,,閩南語
136,份,hūn,,份,一份、認份,,[sound:minnan700-136-份.mp3],[sound:minnan700-136-一份.mp3],[sound:minnan700-136-認份.mp3],,,,閩南語
137,伊,i,,他、她,伊佮我、伊真媠,,[sound:minnan700-137-伊.mp3],[sound:minnan700-137-伊佮我.mp3],[sound:minnan700-137-伊真媠.mp3],,,,閩南語
138,椅條,í-liâu,í-tiâu,無靠背的長板凳,坐椅條,,[sound:minnan700-138-椅條.mp3],[sound:minnan700-138-坐椅條.mp3],,,,,閩南語
139,奕,ī,,玩,奕牌仔、奕珠仔,,[sound:minnan700-139-奕.mp3],[sound:minnan700-139-奕牌仔.mp3],[sound:minnan700-139-奕珠仔.mp3],,,,閩南語
140,也,iā,ā,也、亦,也是、也好,,[sound:minnan700-140-也.mp3],[sound:minnan700-140-也是.mp3],[sound:minnan700-140-也好.mp3],,,,閩南語
141,蛾仔,ia̍h-á,,蛾,臭蛾仔、蛾仔四界飛,蝶仔,[sound:minnan700-141-蛾仔.mp3],[sound:minnan700-141-臭蛾仔.mp3],[sound:minnan700-141-蛾仔四界飛.mp3],,,,閩南語
142,緣投,ian-tâu,iân-tâu,英俊,緣投囡仔、人緣投,嫣頭、嫣投,[sound:minnan700-142-緣投.mp3],[sound:minnan700-142-緣投囡仔.mp3],[sound:minnan700-142-人緣投.mp3],,,,閩南語
143,胭脂,ian-tsi,,口紅,點胭脂,,[sound:minnan700-143-胭脂.mp3],[sound:minnan700-143-點胭脂.mp3],,,,,閩南語
144,厭氣,iàn-khì,,丟臉、漏氣、悔恨,有夠厭氣、這件代誌予人真厭氣,嚥氣、燕氣,[sound:minnan700-144-厭氣.mp3],[sound:minnan700-144-有夠厭氣.mp3],[sound:minnan700-144-這件代誌予人真厭氣.mp3],,,,閩南語
145,芫荽,iân-sui,iân-suinn,香菜,蚵仔麵線摻芫荽,,[sound:minnan700-145-芫荽.mp3],[sound:minnan700-145-蚵仔麵線摻芫荽.mp3],,,,,閩南語
146,枵,iau,,餓,枵鬼、枵飽吵,,[sound:minnan700-146-枵.mp3],[sound:minnan700-146-枵鬼.mp3],[sound:minnan700-146-枵飽吵.mp3],,,,閩南語
147,猶,iáu,iah、ah、á、iá,還、尚,猶未、猶閣,,[sound:minnan700-147-猶.mp3],[sound:minnan700-147-猶未.mp3],[sound:minnan700-147-猶閣.mp3],,,,閩南語
148,陰鴆,im-thim,,陰沉,個性陰鴆,陰沉,[sound:minnan700-148-陰鴆.mp3],[sound:minnan700-148-個性陰鴆.mp3],,,,,閩南語
149,亻因,in,,他們、他的,亻因三個、亻因某,怹,[sound:minnan700-149-亻因.mp3],[sound:minnan700-149-亻因三個.mp3],[sound:minnan700-149-亻因某.mp3],,,,閩南語
150,往,íng,,以前、常常,往過、往擺、往往,,[sound:minnan700-150-往.mp3],[sound:minnan700-150-往過.mp3],[sound:minnan700-150-往擺.mp3],[sound:minnan700-150-往往.mp3],,,閩南語
151,閒,îng,,空閒,有閒、閒工,閑,[sound:minnan700-151-閒.mp3],[sound:minnan700-151-有閒.mp3],[sound:minnan700-151-閒工.mp3],,,,閩南語
152,臆,ioh,,猜,臆著、臆謎猜,,[sound:minnan700-152-臆.mp3],[sound:minnan700-152-臆著.mp3],[sound:minnan700-152-臆謎猜.mp3],,,,閩南語
153,勇健,ióng-kiānn,,硬朗,身體真勇健,,[sound:minnan700-153-勇健.mp3],[sound:minnan700-153-身體真勇健.mp3],,,,,閩南語
154,猶原,iu-guân,iû-uân/iû-guân/iu-uân,仍然,猶原毋知,,[sound:minnan700-154-猶原.mp3],[sound:minnan700-154-猶原毋知.mp3],,,,,閩南語
155,有孝,iú-hàu,ū-hàu,孝順,有孝序大人、有孝爸母,,[sound:minnan700-155-有孝.mp3],[sound:minnan700-155-有孝序大人.mp3],[sound:minnan700-155-有孝爸母.mp3],,,,閩南語
156,幼秀,iù-siù,,秀氣,生做真幼秀、幼秀囡仔,,[sound:minnan700-156-幼秀.mp3],[sound:minnan700-156-生做真幼秀.mp3],[sound:minnan700-156-幼秀囡仔.mp3],,,,閩南語
157,遮,jia,,遮,遮雨、遮日,,[sound:minnan700-157-遮.mp3],[sound:minnan700-157-遮雨.mp3],[sound:minnan700-157-遮日.mp3],,,,閩南語
158,爪,jiáu,liáu、giáu,爪子,跤爪,,[sound:minnan700-158-爪.mp3],[sound:minnan700-158-跤爪.mp3],,,,,閩南語
159,抓,jiàu,liàu、giàu,抓、搔,抓破皮、抓面,爪,[sound:minnan700-159-抓.mp3],[sound:minnan700-159-抓破皮.mp3],[sound:minnan700-159-抓面.mp3],,,,閩南語
160,撏,jîm,lîm/gîm,掏,撏錢、撏出來,,[sound:minnan700-160-撏.mp3],[sound:minnan700-160-撏錢.mp3],[sound:minnan700-160-撏出來.mp3],,,,閩南語
161,搙,jio̍k,lio̍k/gio̍k,揉捏,紙搙做一丸,,[sound:minnan700-161-搙.mp3],[sound:minnan700-161-紙搙做一丸.mp3],,,,,閩南語
162,入,jip̍,lip̍、gip̍,進入、裝入、參加,入去、入被、入教,,[sound:minnan700-162-入.mp3],[sound:minnan700-162-入去.mp3],[sound:minnan700-162-入被.mp3],[sound:minnan700-162-入教.mp3],,,閩南語
163,日,jı̍t,lı̍t、gı̍t,太陽、日子,日頭、日子,,[sound:minnan700-163-日.mp3],[sound:minnan700-163-日頭.mp3],[sound:minnan700-163-日子.mp3],,,,閩南語
164,日時,jı̍t--sî,lı̍t--sî/gı̍t--sî,白天,日時作穡、日時上班,,[sound:minnan700-164-日時.mp3],[sound:minnan700-164-日時作穡.mp3],[sound:minnan700-164-日時上班.mp3],,,,閩南語
165,揉,jiû,liû,(用濕布)揉擦,揉塗跤、揉身軀,,[sound:minnan700-165-揉.mp3],[sound:minnan700-165-揉塗跤.mp3],[sound:minnan700-165-揉身軀.mp3],,,,閩南語
166,鰇魚,jiû-hî,liû-hû/jiû-hîr/giû-hî/liû-hîr,魷魚,鰇魚羹、鰇魚捲、烘鰇魚,魷魚、柔魚,[sound:minnan700-166-鰇魚.mp3],[sound:minnan700-166-鰇魚羹.mp3],[sound:minnan700-166-鰇魚捲.mp3],[sound:minnan700-166-烘鰇魚.mp3],,,閩南語
167,愈,jú,lú,愈、越,愈來愈濟,,[sound:minnan700-167-愈.mp3],[sound:minnan700-167-愈來愈濟.mp3],,,,,閩南語
168,偌,juā,luā/guā,多少、多麼,無偌久、偌濟、偌仔(爾),若、外,[sound:minnan700-168-偌.mp3],[sound:minnan700-168-無偌久.mp3],[sound:minnan700-168-偌濟.mp3],[sound:minnan700-168-偌仔(爾).mp3],,,閩南語
169,熱,jua̍h,lua̍h,炎熱、夏天,燒熱、熱人、歇熱,,[sound:minnan700-169-熱.mp3],[sound:minnan700-169-燒熱.mp3],[sound:minnan700-169-熱人.mp3],[sound:minnan700-169-歇熱.mp3],,,閩南語
170,挼,juê,luê/lê/lêr/jêr,揉、搓,挼目睭、挼衫,揉,[sound:minnan700-170-挼.mp3],[sound:minnan700-170-挼目睭.mp3],[sound:minnan700-170-挼衫.mp3],,,,閩南語
171,虼,ka,,做為跳蚤、蟑螂等詞的詞頭,虼蚤、虼蚻,,[sound:minnan700-171-虼.mp3],[sound:minnan700-171-虼蚤.mp3],[sound:minnan700-171-虼蚻.mp3],,,,閩南語
172,加,ka,,加,加強、增加,,[sound:minnan700-172-加.mp3],[sound:minnan700-172-加強.mp3],[sound:minnan700-172-增加.mp3],,,,閩南語
173,交懍恂,ka-lún-sún,ka-líng-sún,打冷顫,寒甲起交懍恂、拍交懍恂,加懍恂,[sound:minnan700-173-交懍恂.mp3],[sound:minnan700-173-寒甲起交懍恂.mp3],[sound:minnan700-173-拍交懍恂.mp3],,,,閩南語
174,家己,ka-tī,ka-kī,自己,家己人、靠家己,家治,[sound:minnan700-174-家己.mp3],[sound:minnan700-174-家己人.mp3],[sound:minnan700-174-靠家己.mp3],,,,閩南語
175,鉸刀,ka-to,,剪刀,鉸刀、鉸刀柄,,[sound:minnan700-175-鉸刀.mp3],[sound:minnan700-175-鉸刀.mp3],[sound:minnan700-175-鉸刀柄.mp3],,,,閩南語
176,敢若,ká-ná,kánn-ná/kán-ná,好像,伊敢若猶毋知、敢若欲落雨矣,假若,[sound:minnan700-176-敢若.mp3],[sound:minnan700-176-伊敢若猶毋知.mp3],[sound:minnan700-176-敢若欲落雨矣.mp3],,,,閩南語
177,共,kā,kāng,把、對、給、向,共椅仔徙走、共你講、阿英共人洗衫、共伊買,給,[sound:minnan700-177-共.mp3],[sound:minnan700-177-共椅仔徙走.mp3],[sound:minnan700-177-共你講.mp3],[sound:minnan700-177-阿英共人洗衫.mp3],[sound:minnan700-177-共伊買.mp3],,閩南語
178,蓋,kah,,蓋,蓋被、蓋毯仔,,[sound:minnan700-178-蓋.mp3],[sound:minnan700-178-蓋被.mp3],[sound:minnan700-178-蓋毯仔.mp3],,,,閩南語
179,佮,kah,kap,與、附帶,我佮你、佮兩支蔥仔,及、甲,[sound:minnan700-179-佮.mp3],[sound:minnan700-179-我佮你.mp3],[sound:minnan700-179-佮兩支蔥仔.mp3],,,,閩南語
180,甲,kah,,得,食甲足飽、講甲足投機,𢓜、徦、到,[sound:minnan700-180-甲.mp3],[sound:minnan700-180-食甲足飽.mp3],[sound:minnan700-180-講甲足投機.mp3],,,,閩南語
181,佮意,kah-ì,,中意,有佮意、無佮意,愜意、合意,[sound:minnan700-181-佮意.mp3],[sound:minnan700-181-有佮意.mp3],[sound:minnan700-181-無佮意.mp3],,,,閩南語
182,改,kái,,改、戒,改考卷、改薰,,[sound:minnan700-182-改.mp3],[sound:minnan700-182-改考卷.mp3],[sound:minnan700-182-改薰.mp3],,,,閩南語
183,捔,ka̍k,,丟掉、(罵人)沒用,擲討捔、抾捔,,[sound:minnan700-183-捔.mp3],[sound:minnan700-183-擲討捔.mp3],[sound:minnan700-183-抾捔.mp3],,,,閩南語
184,甘,kam,,甘甜、捨得、情願,糖甘蜜甜、毋甘、甘願,,[sound:minnan700-184-甘.mp3],[sound:minnan700-184-糖甘蜜甜.mp3],[sound:minnan700-184-毋甘.mp3],[sound:minnan700-184-甘願.mp3],,,閩南語
185,敢,kám,,難道、是否,敢講這是真的、你敢欲去,咁,[sound:minnan700-185-敢.mp3],[sound:minnan700-185-敢講這是真的.mp3],[sound:minnan700-185-你敢欲去.mp3],,,,閩南語
186,𥴊仔店,kám-á-tiàm,,雜貨店,去𥴊仔店買豆油,,[sound:minnan700-186-𥴊仔店.mp3],[sound:minnan700-186-去𥴊仔店買豆油.mp3],,,,,閩南語
187,艱苦,kan-khóo,,難過、生病不舒服,心內艱苦、伊今仔日咧艱苦,,[sound:minnan700-187-艱苦.mp3],[sound:minnan700-187-心內艱苦.mp3],[sound:minnan700-187-伊今仔日咧艱苦.mp3],,,,閩南語
188,干焦,kan-na,kan-tann/kan-ta,僅只,干焦伊無來、干焦三个,干但、乾焦、干單、干乾,[sound:minnan700-188-干焦.mp3],[sound:minnan700-188-干焦伊無來.mp3],[sound:minnan700-188-干焦三个.mp3],,,,閩南語
189,工,kang,,工夫、天,厚工、三工,,[sound:minnan700-189-工.mp3],[sound:minnan700-189-厚工.mp3],[sound:minnan700-189-三工.mp3],,,,閩南語
190,港都,káng-too,,港口都市,港都夜雨,,[sound:minnan700-190-港都.mp3],[sound:minnan700-190-港都夜雨.mp3],,,,,閩南語
191,仝,kāng,kâng,同,仝款、相仝,同、共,[sound:minnan700-191-仝.mp3],[sound:minnan700-191-仝款.mp3],[sound:minnan700-191-相仝.mp3],,,,閩南語
192,敆,kap,,接合、調配,敆做伙、敆藥仔,,[sound:minnan700-192-敆.mp3],[sound:minnan700-192-敆做伙.mp3],[sound:minnan700-192-敆藥仔.mp3],,,,閩南語
193,狡怪,káu-kuài,,愛作怪、喜與人作對、固執不通,這个囡仔較狡怪,狡獪,[sound:minnan700-193-狡怪.mp3],[sound:minnan700-193-這个囡仔較狡怪.mp3],,,,,閩南語
194,到,kàu,,抵達、到期,到位、到時,,[sound:minnan700-194-到.mp3],[sound:minnan700-194-到位.mp3],[sound:minnan700-194-到時.mp3],,,,閩南語
195,加,ke,,加,加減、加話,,[sound:minnan700-195-加.mp3],[sound:minnan700-195-加減.mp3],[sound:minnan700-195-加話.mp3],,,,閩南語
196,家後,ke-āu,,妻子,好家後,,[sound:minnan700-196-家後.mp3],[sound:minnan700-196-好家後.mp3],,,,,閩南語
197,家婆,ke-pô,,愛管閒事、雞婆,真家婆,,[sound:minnan700-197-家婆.mp3],[sound:minnan700-197-真家婆.mp3],,,,,閩南語
198,家私,ke-si,,工具、道具、槍械武器,家私頭仔,,[sound:minnan700-198-家私.mp3],[sound:minnan700-198-家私頭仔.mp3],,,,,閩南語
199,膎,kê,kuê/kerê,鹽漬物,鹹膎、蚵仔膎、珠螺膎,鮭,[sound:minnan700-199-膎.mp3],[sound:minnan700-199-鹹膎.mp3],[sound:minnan700-199-蚵仔膎.mp3],[sound:minnan700-199-珠螺膎.mp3],,,閩南語
200,羹,kenn,kinn,羹、勾芡的食物,牽羹、肉羹,焿,[sound:minnan700-200-羹.mp3],[sound:minnan700-200-牽羹.mp3],[sound:minnan700-200-肉羹.mp3],,,,閩南語
201,跤,kha,,腳、下面,跤手、下跤,腳、骹,[sound:minnan700-201-跤.mp3],[sound:minnan700-201-跤手.mp3],[sound:minnan700-201-下跤.mp3],,,,閩南語
202,咳啾,kha-tshiùnn,ka-tshiùnn,噴嚏,拍咳啾,,[sound:minnan700-202-咳啾.mp3],[sound:minnan700-202-拍咳啾.mp3],,,,,閩南語
203,尻川,kha-tshng,kha-tshuinn,屁股,拍尻川、尻川後、尻川斗,腳倉,[sound:minnan700-203-尻川.mp3],[sound:minnan700-203-拍尻川.mp3],[sound:minnan700-203-尻川後.mp3],[sound:minnan700-203-尻川斗.mp3],,,閩南語
204,尻脊,kha-tsiah,ka-tsiah,後背,尻脊骿、毋通尻脊後講人閒仔話,加脊,[sound:minnan700-204-尻脊.mp3],[sound:minnan700-204-尻脊骿.mp3],[sound:minnan700-204-毋通尻脊後講人閒仔話.mp3],,,,閩南語
205,跤頭趺,kha-thâu-u,kha-thâu-hu,膝蓋,跤頭趺鑢著,腳頭趺、骹頭趺,[sound:minnan700-205-跤頭趺.mp3],[sound:minnan700-205-跤頭趺鑢著.mp3],,,,,閩南語
206,敲,khà,,(敲)打、敲(竹槓),敲電話、敲油,,[sound:minnan700-206-敲.mp3],[sound:minnan700-206-敲電話.mp3],[sound:minnan700-206-敲油.mp3],,,,閩南語
207,較,khah,,比較、更、再,較濟、閣較好、較講都毋聽,卡,[sound:minnan700-207-較.mp3],[sound:minnan700-207-較濟.mp3],[sound:minnan700-207-閣較好.mp3],[sound:minnan700-207-較講都毋聽.mp3],,,閩南語
208,較停(仔),khah-thîng(-á),,等一下,較停咧、較停仔著知,卡停仔,[sound:minnan700-208-較停(仔).mp3],[sound:minnan700-208-較停咧.mp3],[sound:minnan700-208-較停仔著知.mp3],,,,閩南語
209,卡,kha̍h,,卡住,卡牢咧,,[sound:minnan700-209-卡.mp3],[sound:minnan700-209-卡牢咧.mp3],,,,,閩南語
210,坎,khám,,階梯、階(量詞)、家(量詞),坎仔、坎站、一坎店,,[sound:minnan700-210-坎.mp3],[sound:minnan700-210-坎仔.mp3],[sound:minnan700-210-坎站.mp3],[sound:minnan700-210-一坎店.mp3],,,閩南語
211,崁,khàm,,遮蓋、暗藏,崁蓋、暗崁,,[sound:minnan700-211-崁.mp3],[sound:minnan700-211-崁蓋.mp3],[sound:minnan700-211-暗崁.mp3],,,,閩南語
212,崁,khàm,,山崖,山崁、崁跤、崁頂,,[sound:minnan700-212-崁.mp3],[sound:minnan700-212-山崁.mp3],[sound:minnan700-212-崁跤.mp3],[sound:minnan700-212-崁頂.mp3],,,閩南語
213,空,khang,,空、洞,空厝、破空,孔,[sound:minnan700-213-空.mp3],[sound:minnan700-213-空厝.mp3],[sound:minnan700-213-破空.mp3],,,,閩南語
214,空,khang,,好處、賺頭、利益,誠好空、歹空、好空鬥相報,,[sound:minnan700-214-空.mp3],[sound:minnan700-214-誠好空.mp3],[sound:minnan700-214-歹空.mp3],[sound:minnan700-214-好空鬥相報.mp3],,,閩南語
215,磕,kha̍p,,碰觸,磕袂著、袂磕得、磕頭、磕著,,[sound:minnan700-215-磕.mp3],[sound:minnan700-215-磕袂著.mp3],[sound:minnan700-215-袂磕得.mp3],[sound:minnan700-215-磕頭.mp3],[sound:minnan700-215-磕著.mp3],,閩南語
216,薅,khau,,拔除、揪住,薅草、薅頭鬃,,[sound:minnan700-216-薅.mp3],[sound:minnan700-216-薅草.mp3],[sound:minnan700-216-薅頭鬃.mp3],,,,閩南語
217,剾,khau,,刨、刮、吹風、譏諷,剾皮、剾喙鬚、剾風、剾洗,,[sound:minnan700-217-剾.mp3],[sound:minnan700-217-剾皮.mp3],[sound:minnan700-217-剾喙鬚.mp3],[sound:minnan700-217-剾風.mp3],[sound:minnan700-217-剾洗.mp3],,閩南語
218,齧,khè,khuè/kherè/gè,啃、齧咬,齧肉骨、齧甘蔗,,[sound:minnan700-218-齧.mp3],[sound:minnan700-218-齧肉骨.mp3],[sound:minnan700-218-齧甘蔗.mp3],,,,閩南語
219,敧,khi,,傾斜、歪斜,敧一爿、坦敧,,[sound:minnan700-219-敧.mp3],[sound:minnan700-219-敧一爿.mp3],[sound:minnan700-219-坦敧.mp3],,,,閩南語
220,齒戳(仔),khí-thok(-á),,牙籤,用齒戳(仔)戳喙齒,齒拓(仔),[sound:minnan700-220-齒戳(仔).mp3],[sound:minnan700-220-用齒戳(仔)戳喙齒.mp3],,,,,閩南語
221,徛,khiā,,站、住,徛予正、徛家,企,[sound:minnan700-221-徛.mp3],[sound:minnan700-221-徛予正.mp3],[sound:minnan700-221-徛家.mp3],,,,閩南語
222,徛鵝,khiā-gô,,企鵝,來去動物園看徛鵝、徛鵝真古錐,,[sound:minnan700-222-徛鵝.mp3],[sound:minnan700-222-來去動物園看徛鵝.mp3],[sound:minnan700-222-徛鵝真古錐.mp3],,,,閩南語
223,掔,khian,,扔、投擲,掔石頭、烏白掔,,[sound:minnan700-223-掔.mp3],[sound:minnan700-223-掔石頭.mp3],[sound:minnan700-223-烏白掔.mp3],,,,閩南語
224,勥,khiàng,,精明能幹,真勥、勥跤,,[sound:minnan700-224-勥.mp3],[sound:minnan700-224-真勥.mp3],[sound:minnan700-224-勥跤.mp3],,,,閩南語
225,曲,khiau,,彎曲,曲痀、曲跤、彎彎曲曲,,[sound:minnan700-225-曲.mp3],[sound:minnan700-225-曲痀.mp3],[sound:minnan700-225-曲跤.mp3],[sound:minnan700-225-彎彎曲曲.mp3],,,閩南語
226,巧,khiáu,,聰明,人真巧、奸巧,,[sound:minnan700-226-巧.mp3],[sound:minnan700-226-人真巧.mp3],[sound:minnan700-226-奸巧.mp3],,,,閩南語
227,克虧,khik-khui,,委屈、吃虧,"伊予人騙去,真克虧。",喫虧,[sound:minnan700-227-克虧.mp3],"[sound:minnan700-227-伊予人騙去,真克虧。.mp3]",,,,,閩南語
228,拑,khînn,,抓緊、黏附,予囡仔拑牢牢,,[sound:minnan700-228-拑.mp3],[sound:minnan700-228-予囡仔拑牢牢.mp3],,,,,閩南語
229,抾,khioh,,撿、拾、積聚、懷(恨),抾起來、抾拾、抾字紙、抾恨,卻、拾、摭,[sound:minnan700-229-抾.mp3],[sound:minnan700-229-抾起來.mp3],[sound:minnan700-229-抾拾.mp3],[sound:minnan700-229-抾字紙.mp3],[sound:minnan700-229-抾恨.mp3],,閩南語
230,扱,khip̍,,抓緊、吸附,扱牢牢、無拑無扱,,[sound:minnan700-230-扱.mp3],[sound:minnan700-230-扱牢牢.mp3],[sound:minnan700-230-無拑無扱.mp3],,,,閩南語
231,杙,khı̍t,,樁,杙仔、大里杙(地名),楬,[sound:minnan700-231-杙.mp3],[sound:minnan700-231-杙仔.mp3],[sound:minnan700-231-大里杙(地名).mp3],,,,閩南語
232,搝,khiú,giú,拉、揪、扯,搝大索、搝後跤,扭,[sound:minnan700-232-搝.mp3],[sound:minnan700-232-搝大索.mp3],[sound:minnan700-232-搝後跤.mp3],,,,閩南語
233,虯,khiû,,蜷曲、吝嗇,虯毛、虯儉,虬,[sound:minnan700-233-虯.mp3],[sound:minnan700-233-虯毛.mp3],[sound:minnan700-233-虯儉.mp3],,,,閩南語
234,囥,khǹg,,放、保留,囥物件、囥步,,[sound:minnan700-234-囥.mp3],[sound:minnan700-234-囥物件.mp3],[sound:minnan700-234-囥步.mp3],,,,閩南語
235,洘,khó,,濃稠、退潮、擁擠,洘頭糜、洘流、洘秫秫,,[sound:minnan700-235-洘.mp3],[sound:minnan700-235-洘頭糜.mp3],[sound:minnan700-235-洘流.mp3],[sound:minnan700-235-洘秫秫.mp3],,,閩南語
236,可比,khó-pí,,好比、比方,伊可比天頂的仙女,,[sound:minnan700-236-可比.mp3],[sound:minnan700-236-伊可比天頂的仙女.mp3],,,,,閩南語
237,觳,khok,,小容器、小盒子,齒觳仔、水觳仔、鉛筆觳仔,,[sound:minnan700-237-觳.mp3],[sound:minnan700-237-齒觳仔.mp3],[sound:minnan700-237-水觳仔.mp3],[sound:minnan700-237-鉛筆觳仔.mp3],,,閩南語
238,硞,kho̍k,,碰撞、碰撞聲,相硞、碌硞馬,,[sound:minnan700-238-硞.mp3],[sound:minnan700-238-相硞.mp3],[sound:minnan700-238-碌硞馬.mp3],,,,閩南語
239,悾,khong,,笨、呆、頭腦不清楚,悾悾戇戇、激悾悾,,[sound:minnan700-239-悾.mp3],[sound:minnan700-239-悾悾戇戇.mp3],[sound:minnan700-239-激悾悾.mp3],,,,閩南語
240,炕,khòng,,熬煮、燜熟,炕肉、炕窯,焢,[sound:minnan700-240-炕.mp3],[sound:minnan700-240-炕肉.mp3],[sound:minnan700-240-炕窯.mp3],,,,閩南語
241,箍,khoo,,圓形的外緣、環狀物、元(量詞)、個(量詞),圓箍仔、目箍、柴箍、一箍銀、一箍人,,[sound:minnan700-241-箍.mp3],[sound:minnan700-241-圓箍仔.mp3],[sound:minnan700-241-目箍.mp3],[sound:minnan700-241-柴箍.mp3],[sound:minnan700-241-一箍銀.mp3],[sound:minnan700-241-一箍人.mp3],閩南語
242,跍,khû,,蹲,跍佇遮、跍落去,竘,[sound:minnan700-242-跍.mp3],[sound:minnan700-242-跍佇遮.mp3],[sound:minnan700-242-跍落去.mp3],,,,閩南語
243,款,khuán,,樣式、情況、整理,新款、看款、款行李,,[sound:minnan700-243-款.mp3],[sound:minnan700-243-新款.mp3],[sound:minnan700-243-看款.mp3],[sound:minnan700-243-款行李.mp3],,,閩南語
244,看覓,khuànn-māi,,看看,講看覓、臆看覓,,[sound:minnan700-244-看覓.mp3],[sound:minnan700-244-講看覓.mp3],[sound:minnan700-244-臆看覓.mp3],,,,閩南語
245,快活,khuìnn-ua̍h,khuànn-ua̍h/khuàinn-ua̍h,舒服、快活、寬裕,過甲真快活、會食會睏真快活、生活較快活,,[sound:minnan700-245-快活.mp3],[sound:minnan700-245-過甲真快活.mp3],[sound:minnan700-245-會食會睏真快活.mp3],[sound:minnan700-245-生活較快活.mp3],,,閩南語
246,睏,khùn,,睡覺、休息、一陣子,愛睏、歇睏、一睏仔,,[sound:minnan700-246-睏.mp3],[sound:minnan700-246-愛睏.mp3],[sound:minnan700-246-歇睏.mp3],[sound:minnan700-246-一睏仔.mp3],,,閩南語
247,枝,ki,,枝,樹枝、一枝筆,,[sound:minnan700-247-枝.mp3],[sound:minnan700-247-樹枝.mp3],[sound:minnan700-247-一枝筆.mp3],,,,閩南語
248,屐,kia̍h,,屐,木屐、柴屐,,[sound:minnan700-248-屐.mp3],[sound:minnan700-248-木屐.mp3],[sound:minnan700-248-柴屐.mp3],,,,閩南語
249,見若,kiàn-nā,kìnn-nā,凡是、每逢,見若歡喜就唱歌、見若烏陰就落雨,,[sound:minnan700-249-見若.mp3],[sound:minnan700-249-見若歡喜就唱歌.mp3],[sound:minnan700-249-見若烏陰就落雨.mp3],,,,閩南語
250,驚,kiann,,害怕,免驚、伊真驚鳥鼠,,[sound:minnan700-250-驚.mp3],[sound:minnan700-250-免驚.mp3],[sound:minnan700-250-伊真驚鳥鼠.mp3],,,,閩南語
251,行,kiânn,,行走、航行、交往,行路、行船、佮伊咧行,,[sound:minnan700-251-行.mp3],[sound:minnan700-251-行路.mp3],[sound:minnan700-251-行船.mp3],[sound:minnan700-251-佮伊咧行.mp3],,,閩南語
252,筊,kiáu,,賭博,毋通跋筊,,[sound:minnan700-252-筊.mp3],[sound:minnan700-252-毋通跋筊.mp3],,,,,閩南語
253,激,kik,,假裝、釀造、(憋氣)使勁,激派頭、激酒、激力,,[sound:minnan700-253-激.mp3],[sound:minnan700-253-激派頭.mp3],[sound:minnan700-253-激酒.mp3],[sound:minnan700-253-激力.mp3],,,閩南語
254,今仔日,kin-á-jı̍t,kin-á-lı̍t/kin-á-gı̍t/kin-nà-jı̍t,今天,今仔日天氣誠好,今旦日,[sound:minnan700-254-今仔日.mp3],[sound:minnan700-254-今仔日天氣誠好.mp3],,,,,閩南語
255,弓蕉,kin-tsio,king-tsio/kim-tsio,香蕉,食弓蕉、弓蕉亁,芎蕉、金蕉,[sound:minnan700-255-弓蕉.mp3],[sound:minnan700-255-食弓蕉.mp3],[sound:minnan700-255-弓蕉亁.mp3],,,,閩南語
256,緊,kín,,快、急,緊來、真緊,,[sound:minnan700-256-緊.mp3],[sound:minnan700-256-緊來.mp3],[sound:minnan700-256-真緊.mp3],,,,閩南語
257,揀,kíng,,揀、挑、選,揀食、揀菜,,[sound:minnan700-257-揀.mp3],[sound:minnan700-257-揀食.mp3],[sound:minnan700-257-揀菜.mp3],,,,閩南語
258,景緻,kíng-tì,kíng-tī,風景、景緻,景緻真媠、好景緻,景致,[sound:minnan700-258-景緻.mp3],[sound:minnan700-258-景緻真媠.mp3],[sound:minnan700-258-好景緻.mp3],,,,閩南語
259,墘,kînn,,邊緣,碗墘、溪仔墘,,[sound:minnan700-259-墘.mp3],[sound:minnan700-259-碗墘.mp3],[sound:minnan700-259-溪仔墘.mp3],,,,閩南語
260,勼,kiu,,收縮、畏縮,伸勼、勼水、勼跤勼手,丩,[sound:minnan700-260-勼.mp3],[sound:minnan700-260-伸勼.mp3],[sound:minnan700-260-勼水.mp3],[sound:minnan700-260-勼跤勼手.mp3],,,閩南語
261,糾,kiù,,緊縮、糾結,糾筋、糾帶、糾紛,,[sound:minnan700-261-糾.mp3],[sound:minnan700-261-糾筋.mp3],[sound:minnan700-261-糾帶.mp3],[sound:minnan700-261-糾紛.mp3],,,閩南語
262,閣,koh,,再、還、更加,猶閣、閣再,擱、故,[sound:minnan700-262-閣.mp3],[sound:minnan700-262-猶閣.mp3],[sound:minnan700-262-閣再.mp3],,,,閩南語
263,管,kóng,,(長且中空的)管子、管狀物,竹管、欶管、蟳(仔)管、靴管,,[sound:minnan700-263-管.mp3],[sound:minnan700-263-竹管.mp3],[sound:minnan700-263-欶管.mp3],[sound:minnan700-263-蟳(仔)管.mp3],[sound:minnan700-263-靴管.mp3],,閩南語
264,講,kóng,,說、講,講話、講耍笑、我想講伊會來、足好食的講......,,[sound:minnan700-264-講.mp3],[sound:minnan700-264-講話.mp3],[sound:minnan700-264-講耍笑.mp3],[sound:minnan700-264-我想講伊會來.mp3],[sound:minnan700-264-足好食的講.......mp3],,閩南語
265,姑不而將,koo-put-jî-tsiong,koo-put-jî-tsiang、koo-put-lî-tsiong,不得已、無可奈何,姑不而將接受,姑不二將、姑不二終,[sound:minnan700-265-姑不而將.mp3],[sound:minnan700-265-姑不而將接受.mp3],,,,,閩南語
266,姑情,koo-tsiânn,,說情、懇求,共人姑情、姑情囡仔食飯,姑成,[sound:minnan700-266-姑情.mp3],[sound:minnan700-266-共人姑情.mp3],[sound:minnan700-266-姑情囡仔食飯.mp3],,,,閩南語
267,鈷,kóo,,壺,茶鈷、一鈷茶,,[sound:minnan700-267-鈷.mp3],[sound:minnan700-267-茶鈷.mp3],[sound:minnan700-267-一鈷茶.mp3],,,,閩南語
268,古意,kóo-ì,,忠厚、老實,古意人,,[sound:minnan700-268-古意.mp3],[sound:minnan700-268-古意人.mp3],,,,,閩南語
269,古錐,kóo-tsui,,可愛,古錐囡仔,,[sound:minnan700-269-古錐.mp3],[sound:minnan700-269-古錐囡仔.mp3],,,,,閩南語
270,糊,kôo,,漿糊、糊狀物、黏貼,糊仔、麵線糊、糊紙,,[sound:minnan700-270-糊.mp3],[sound:minnan700-270-糊仔.mp3],[sound:minnan700-270-麵線糊.mp3],[sound:minnan700-270-糊紙.mp3],,,閩南語
271,跔,ku,,蹲,跔佇遐、罔跔,,[sound:minnan700-271-跔.mp3],[sound:minnan700-271-跔佇遐.mp3],[sound:minnan700-271-罔跔.mp3],,,,閩南語
272,掛,kuà,,掛、戴、登記,掛目鏡、掛號,,[sound:minnan700-272-掛.mp3],[sound:minnan700-272-掛目鏡.mp3],[sound:minnan700-272-掛號.mp3],,,,閩南語
273,蓋,kuà,,蓋子,鼎蓋,,[sound:minnan700-273-蓋.mp3],[sound:minnan700-273-鼎蓋.mp3],,,,,閩南語
274,慣勢,kuàn-sì,kuìnn-sì、kuàinn-sì,習慣,會慣勢、真慣勢,,[sound:minnan700-274-慣勢.mp3],[sound:minnan700-274-會慣勢.mp3],[sound:minnan700-274-真慣勢.mp3],,,,閩南語
275,懸,kuân,,高,山真懸、價數真懸,峘,[sound:minnan700-275-懸.mp3],[sound:minnan700-275-山真懸.mp3],[sound:minnan700-275-價數真懸.mp3],,,,閩南語
276,乾,kuann,,乾,肉乾、豆乾,,[sound:minnan700-276-乾.mp3],[sound:minnan700-276-肉乾.mp3],[sound:minnan700-276-豆乾.mp3],,,,閩南語
277,寒,kuânn,,寒、冷,寒天、寒人、寒著,,[sound:minnan700-277-寒.mp3],[sound:minnan700-277-寒天.mp3],[sound:minnan700-277-寒人.mp3],[sound:minnan700-277-寒著.mp3],,,閩南語
278,瓜仔哖,kue-á-nî,,小黃瓜,瓜仔哖炒豬肉,,[sound:minnan700-278-瓜仔哖.mp3],[sound:minnan700-278-瓜仔哖炒豬肉.mp3],,,,,閩南語
279,粿,kué,ké、kér,粿,鹹粿、炊粿,,[sound:minnan700-279-粿.mp3],[sound:minnan700-279-鹹粿.mp3],[sound:minnan700-279-炊粿.mp3],,,,閩南語
280,果子,kué-tsí,ké-tsí、kér-tsí,水果,食果子拜樹頭、果子園,,[sound:minnan700-280-果子.mp3],[sound:minnan700-280-食果子拜樹頭.mp3],[sound:minnan700-280-果子園.mp3],,,,閩南語
281,橛,kueh̍,,截(量詞),一橛甘蔗,,[sound:minnan700-281-橛.mp3],[sound:minnan700-281-一橛甘蔗.mp3],,,,,閩南語
282,胿,kui,,嗉囊、囊狀物、食道,雞胿、頷胿,,[sound:minnan700-282-胿.mp3],[sound:minnan700-282-雞胿.mp3],[sound:minnan700-282-頷胿.mp3],,,,閩南語
283,規,kui,,規、整個,規家伙仔、規个,歸,[sound:minnan700-283-規.mp3],[sound:minnan700-283-規家伙仔.mp3],[sound:minnan700-283-規个.mp3],,,,閩南語
284,規氣,kui-khì,,乾脆,規氣倩人較直、按呢較規氣,歸氣,[sound:minnan700-284-規氣.mp3],[sound:minnan700-284-規氣倩人較直.mp3],[sound:minnan700-284-按呢較規氣.mp3],,,,閩南語
285,幾若,kuí-nā,kún-nā,好幾,幾若百萬、幾若擺,,[sound:minnan700-285-幾若.mp3],[sound:minnan700-285-幾若百萬.mp3],[sound:minnan700-285-幾若擺.mp3],,,,閩南語
286,骨力,kut-la̍t,,勤勞、努力,真骨力、骨力做,搰力,[sound:minnan700-286-骨力.mp3],[sound:minnan700-286-真骨力.mp3],[sound:minnan700-286-骨力做.mp3],,,,閩南語
287,蜊仔,lâ-á,,蜆,鹹蜊仔,,[sound:minnan700-287-蜊仔.mp3],[sound:minnan700-287-鹹蜊仔.mp3],,,,,閩南語
288,蟧蜈,lâ-giâ,,長腳大蜘蛛,囡仔會驚蟧蜈,,[sound:minnan700-288-蟧蜈.mp3],[sound:minnan700-288-囡仔會驚蟧蜈.mp3],,,,,閩南語
289,垃圾,lah-sap,lap-sap,骯髒,垃圾衫、塗跤垃圾,,[sound:minnan700-289-垃圾.mp3],[sound:minnan700-289-垃圾衫.mp3],[sound:minnan700-289-塗跤垃圾.mp3],,,,閩南語
290,內,lāi,,內、裡,厝內、內裡,裡,[sound:minnan700-290-內.mp3],[sound:minnan700-290-厝內.mp3],[sound:minnan700-290-內裡.mp3],,,,閩南語
291,橐,lak,,口袋,橐袋仔,,[sound:minnan700-291-橐.mp3],[sound:minnan700-291-橐袋仔.mp3],,,,,閩南語
292,落,lak,,落、掉,落漆、落毛,,[sound:minnan700-292-落.mp3],[sound:minnan700-292-落漆.mp3],[sound:minnan700-292-落毛.mp3],,,,閩南語
293,荏懶,lám-nuā,,散漫、邋遢、懶惰,貧惰閣荏懶,荏爛,[sound:minnan700-293-荏懶.mp3],[sound:minnan700-293-貧惰閣荏懶.mp3],,,,,閩南語
294,咱,lán,,我們、我們的,咱人、咱查某囝,,[sound:minnan700-294-咱.mp3],[sound:minnan700-294-咱人.mp3],[sound:minnan700-294-咱查某囝.mp3],,,,閩南語
295,人,lâng,,人,好人、讀冊人,儂,[sound:minnan700-295-人.mp3],[sound:minnan700-295-好人.mp3],[sound:minnan700-295-讀冊人.mp3],,,,閩南語
296,人客,lâng-kheh,,客人,人客的要求、人客廳、請人客,儂客,[sound:minnan700-296-人客.mp3],[sound:minnan700-296-人客的要求.mp3],[sound:minnan700-296-人客廳.mp3],[sound:minnan700-296-請人客.mp3],,,閩南語
297,籠床,lâng-sn̂g,,蒸籠,竹仔籠床、籠床蓋,,[sound:minnan700-297-籠床.mp3],[sound:minnan700-297-竹仔籠床.mp3],[sound:minnan700-297-籠床蓋.mp3],,,,閩南語
298,弄,lāng,,舞弄、逗弄、耍,弄獅、戲弄、變猴弄,,[sound:minnan700-298-弄.mp3],[sound:minnan700-298-弄獅.mp3],[sound:minnan700-298-戲弄.mp3],[sound:minnan700-298-變猴弄.mp3],,,閩南語
299,塌,lap,,塌、凹,塌落來、塌底,,[sound:minnan700-299-塌.mp3],[sound:minnan700-299-塌落來.mp3],[sound:minnan700-299-塌底.mp3],,,,閩南語
300,扭,láu,náu,扭傷,跤骨扭著,,[sound:minnan700-300-扭.mp3],[sound:minnan700-300-跤骨扭著.mp3],,,,,閩南語
301,落,làu,,洩出、丟失、脫落,落風、落屎、落氣、落褲,,[sound:minnan700-301-落.mp3],[sound:minnan700-301-落風.mp3],[sound:minnan700-301-落屎.mp3],[sound:minnan700-301-落氣.mp3],[sound:minnan700-301-落褲.mp3],,閩南語
302,老歲仔,lāu-huè-á,lāu-hè-á、lāu-hèr-á,老人、老頭子,老歲仔人、老歲仔目,老伙仔,[sound:minnan700-302-老歲仔.mp3],[sound:minnan700-302-老歲仔人.mp3],[sound:minnan700-302-老歲仔目.mp3],,,,閩南語
303,咧,leh,,在、正在,有佇咧、佇咧睏,,[sound:minnan700-303-咧.mp3],[sound:minnan700-303-有佇咧.mp3],[sound:minnan700-303-佇咧睏.mp3],,,,閩南語
304,你,lí,lír、lú,你、妳、汝,你緊去、你佮我,汝,[sound:minnan700-304-你.mp3],[sound:minnan700-304-你緊去.mp3],[sound:minnan700-304-你佮我.mp3],,,,閩南語
305,掠,lia̍h,,抓,掠魚仔、掠包,,[sound:minnan700-305-掠.mp3],[sound:minnan700-305-掠魚仔.mp3],[sound:minnan700-305-掠包.mp3],,,,閩南語
306,連鞭,liâm-mi,liâm-pinn,馬上、立刻,連鞭來,臨邊,[sound:minnan700-306-連鞭.mp3],[sound:minnan700-306-連鞭來.mp3],,,,,閩南語
307,輪,lián,,輪子、鍊條,換輪、落輪,碾、輾、輦,[sound:minnan700-307-輪.mp3],[sound:minnan700-307-換輪.mp3],[sound:minnan700-307-落輪.mp3],,,,閩南語
308,撚,lián,,撚、搓,撚耳仔、撚喙鬚,,[sound:minnan700-308-撚.mp3],[sound:minnan700-308-撚耳仔.mp3],[sound:minnan700-308-撚喙鬚.mp3],,,,閩南語
309,輾,liàn,lìn,滾動、圈(量詞),佇塗跤輾、踅三輾,,[sound:minnan700-309-輾.mp3],[sound:minnan700-309-佇塗跤輾.mp3],[sound:minnan700-309-踅三輾.mp3],,,,閩南語
310,粒仔,lia̍p-á,,瘡,生粒仔,,[sound:minnan700-310-粒仔.mp3],[sound:minnan700-310-生粒仔.mp3],,,,,閩南語
311,啉,lim,,喝,啉水、真好啉,飲,[sound:minnan700-311-啉.mp3],[sound:minnan700-311-啉水.mp3],[sound:minnan700-311-真好啉.mp3],,,,閩南語
312,恁,lín,,你們、你的、你們的,恁三个、恁兜、恁學校,,[sound:minnan700-312-恁.mp3],[sound:minnan700-312-恁三个.mp3],[sound:minnan700-312-恁兜.mp3],[sound:minnan700-312-恁學校.mp3],,,閩南語
313,奶,ling,ni、lin,乳房、奶、內胎,奶仔、牛奶、內奶,乳,[sound:minnan700-313-奶.mp3],[sound:minnan700-313-奶仔.mp3],[sound:minnan700-313-牛奶.mp3],[sound:minnan700-313-內奶.mp3],,,閩南語
314,冗,līng,,鬆、寬,褲頭傷冗、索仔冗去,,[sound:minnan700-314-冗.mp3],[sound:minnan700-314-褲頭傷冗.mp3],[sound:minnan700-314-索仔冗去.mp3],,,,閩南語
315,冗,liōng,,寬裕、留餘裕,錢愛紮較冗、冗十分鐘,,[sound:minnan700-315-冗.mp3],[sound:minnan700-315-錢愛紮較冗.mp3],[sound:minnan700-315-冗十分鐘.mp3],,,,閩南語
316,冗剩,liōng-siōng,liōng-sīng,寬裕、有餘裕,傷冗剩、時間猶真冗剩,,[sound:minnan700-316-冗剩.mp3],[sound:minnan700-316-傷冗剩.mp3],[sound:minnan700-316-時間猶真冗剩.mp3],,,,閩南語
317,鈕,liú,,鈕釦、扣上,鈕仔、鈕鈕仔,紐,[sound:minnan700-317-鈕.mp3],[sound:minnan700-317-鈕仔.mp3],[sound:minnan700-317-鈕鈕仔.mp3],,,,閩南語
318,扭搦,liú-la̍k,,處理、掌管,足歹扭搦、僫扭搦,,[sound:minnan700-318-扭搦.mp3],[sound:minnan700-318-足歹扭搦.mp3],[sound:minnan700-318-僫扭搦.mp3],,,,閩南語
319,扭掠,liú-lia̍h,,敏捷,跤手誠扭掠、伊動作扭掠,,[sound:minnan700-319-扭掠.mp3],[sound:minnan700-319-跤手誠扭掠.mp3],[sound:minnan700-319-伊動作扭掠.mp3],,,,閩南語
320,餾,liū,,再蒸、重提,餾凊飯、莫閣餾矣,,[sound:minnan700-320-餾.mp3],[sound:minnan700-320-餾凊飯.mp3],[sound:minnan700-320-莫閣餾矣.mp3],,,,閩南語
321,落,lo̍h,,下、降、放入、入(睡),落車、落雨、落肥、睏落眠,,[sound:minnan700-321-落.mp3],[sound:minnan700-321-落車.mp3],[sound:minnan700-321-落雨.mp3],[sound:minnan700-321-落肥.mp3],[sound:minnan700-321-睏落眠.mp3],,閩南語
322,橐,lok,,裝、套、袋子,橐起來、手橐仔,簏,[sound:minnan700-322-橐.mp3],[sound:minnan700-322-橐起來.mp3],[sound:minnan700-322-手橐仔.mp3],,,,閩南語
323,漉喙,lo̍k-tshuì,go̍k-tshuì,漱口,物件食了著愛漉喙,,[sound:minnan700-323-漉喙.mp3],[sound:minnan700-323-物件食了著愛漉喙.mp3],,,,,閩南語
324,攏,lóng,,都、皆、全部,攏是、攏總,,[sound:minnan700-324-攏.mp3],[sound:minnan700-324-攏是.mp3],[sound:minnan700-324-攏總.mp3],,,,閩南語
325,挵,lòng,,撞、擊、敲,車挵著人、挵門、挵大鼓,,[sound:minnan700-325-挵.mp3],[sound:minnan700-325-車挵著人.mp3],[sound:minnan700-325-挵門.mp3],[sound:minnan700-325-挵大鼓.mp3],,,閩南語
326,惱,lóo,,惱、令人生氣,惱死、氣惱、氣身惱命,,[sound:minnan700-326-惱.mp3],[sound:minnan700-326-惱死.mp3],[sound:minnan700-326-氣惱.mp3],[sound:minnan700-326-氣身惱命.mp3],,,閩南語
327,勞力,lóo-la̍t,,感謝(別人的幫忙或服務),真勞力,擼力,[sound:minnan700-327-勞力.mp3],[sound:minnan700-327-真勞力.mp3],,,,,閩南語
328,露螺,lōo-lê,lòo-lê,蝸牛,抾露螺飼鴨,,[sound:minnan700-328-露螺.mp3],[sound:minnan700-328-抾露螺飼鴨.mp3],,,,,閩南語
329,攄,lu,,推剪、推移,攄仔、攄頭毛、倒退攄、攄來攄去,,[sound:minnan700-329-攄.mp3],[sound:minnan700-329-攄仔.mp3],[sound:minnan700-329-攄頭毛.mp3],[sound:minnan700-329-倒退攄.mp3],[sound:minnan700-329-攄來攄去.mp3],,閩南語
330,鑢,lù,,出力刷洗、嚴重磨擦,鑢鼎、鑢破皮,,[sound:minnan700-330-鑢.mp3],[sound:minnan700-330-鑢鼎.mp3],[sound:minnan700-330-鑢破皮.mp3],,,,閩南語
331,捋,lua̍h,,梳子、梳、撫,捋仔、捋頭鬃、心肝頭捋捋咧,,[sound:minnan700-331-捋.mp3],[sound:minnan700-331-捋仔.mp3],[sound:minnan700-331-捋頭鬃.mp3],[sound:minnan700-331-心肝頭捋捋咧.mp3],,,閩南語
332,蕊,luí,,朵(量詞)、隻(量詞),一蕊花、花蕊、兩蕊目睭,,[sound:minnan700-332-蕊.mp3],[sound:minnan700-332-一蕊花.mp3],[sound:minnan700-332-花蕊.mp3],[sound:minnan700-332-兩蕊目睭.mp3],,,閩南語
333,忍,lún,,忍耐,小忍咧就過去、袂忍得、吞忍,,[sound:minnan700-333-忍.mp3],[sound:minnan700-333-小忍咧就過去.mp3],[sound:minnan700-333-袂忍得.mp3],[sound:minnan700-333-吞忍.mp3],,,閩南語
334,毋,m̄,,不,毋好、毋免,不、呣、唔,[sound:minnan700-334-毋.mp3],[sound:minnan700-334-毋好.mp3],[sound:minnan700-334-毋免.mp3],,,,閩南語
335,毋過,m̄-koh,m̄-kò/m̄-kù,不過、但是,"想欲買,毋過無錢。",毋閣,[sound:minnan700-335-毋過.mp3],"[sound:minnan700-335-想欲買,毋過無錢。.mp3]",,,,,閩南語
336,毋但,m̄-nā,m̄-niā,不但、不只是、不止,毋但按呢,毋爾,[sound:minnan700-336-毋但.mp3],[sound:minnan700-336-毋但按呢.mp3],,,,,閩南語
337,媽,má,,祖母、媽祖、女神,阿媽、北港媽、觀音媽,,[sound:minnan700-337-媽.mp3],[sound:minnan700-337-阿媽.mp3],[sound:minnan700-337-北港媽.mp3],[sound:minnan700-337-觀音媽.mp3],,,閩南語
338,嘛,mā,,也,按呢嘛好、我嘛知,,[sound:minnan700-338-嘛.mp3],[sound:minnan700-338-按呢嘛好.mp3],[sound:minnan700-338-我嘛知.mp3],,,,閩南語
339,莫,mài,,甭、別、不要,莫去、莫講,勿、,[sound:minnan700-339-莫.mp3],[sound:minnan700-339-莫去.mp3],[sound:minnan700-339-莫講.mp3],,,,閩南語
340,暝,mê,mî,夜、晚,暝日、無暝無日,,[sound:minnan700-340-暝.mp3],[sound:minnan700-340-暝日.mp3],[sound:minnan700-340-無暝無日.mp3],,,,閩南語
341,糜,muê,bê/muâi/bêr/mâi,稀飯,番薯糜、鹹糜,,[sound:minnan700-341-糜.mp3],[sound:minnan700-341-番薯糜.mp3],[sound:minnan700-341-鹹糜.mp3],,,,閩南語
342,嚨喉,nâ-âu,,咽喉、喉嚨,嚨喉發炎、嚨喉空,,[sound:minnan700-342-嚨喉.mp3],[sound:minnan700-342-嚨喉發炎.mp3],[sound:minnan700-342-嚨喉空.mp3],,,,閩南語
343,若,nā,,若、如果,早若知、若是,,[sound:minnan700-343-若.mp3],[sound:minnan700-343-早若知.mp3],[sound:minnan700-343-若是.mp3],,,,閩南語
344,躡,neh,nih,踮,躡跤尾,,[sound:minnan700-344-躡.mp3],[sound:minnan700-344-躡跤尾.mp3],,,,,閩南語
345,䘼,ńg,uínn,衣袖、袖子,手䘼、長䘼、短䘼,,[sound:minnan700-345-䘼.mp3],[sound:minnan700-345-手䘼.mp3],[sound:minnan700-345-長䘼.mp3],[sound:minnan700-345-短䘼.mp3],,,閩南語
346,黃梔仔花,n̂g-ki-á-hue,n̂g-kinn-á-hue,梔子花、黃梔花,黃梔仔花足芳,,[sound:minnan700-346-黃梔仔花.mp3],[sound:minnan700-346-黃梔仔花足芳.mp3],,,,,閩南語
347,夾,ngeh,ngueh/gueh/geh,鑷子、鉗子、夾,火夾、夾菜,,[sound:minnan700-347-夾.mp3],[sound:minnan700-347-火夾.mp3],[sound:minnan700-347-夾菜.mp3],,,,閩南語
348,莢,ngeh,ngueh、gueh、kueh、kereh,豆莢、量詞,豆莢、一莢,,[sound:minnan700-348-莢.mp3],[sound:minnan700-348-豆莢.mp3],[sound:minnan700-348-一莢.mp3],,,,閩南語
349,挾,ngeh̍,ngueh̍/gueh̍/ger̍eh,夾,挾佇中央、挾牢咧,,[sound:minnan700-349-挾.mp3],[sound:minnan700-349-挾佇中央.mp3],[sound:minnan700-349-挾牢咧.mp3],,,,閩南語
350,擽,ngiau,,搔(癢)、癢(的感覺),驚人擽、心內擽擽,搔,[sound:minnan700-350-擽.mp3],[sound:minnan700-350-驚人擽.mp3],[sound:minnan700-350-心內擽擽.mp3],,,,閩南語
351,拈,ni,,拈、取,偷拈、桌頂拈柑,,[sound:minnan700-351-拈.mp3],[sound:minnan700-351-偷拈.mp3],[sound:minnan700-351-桌頂拈柑.mp3],,,,閩南語
352,鳥鼠,niáu-tshí,niáu-tshír、niáu-tshú、nóo-tshír,老鼠,飼鳥鼠咬布袋、鳥鼠仔冤,,[sound:minnan700-352-鳥鼠.mp3],[sound:minnan700-352-飼鳥鼠咬布袋.mp3],[sound:minnan700-352-鳥鼠仔冤.mp3],,,,閩南語
353,娘囝,niû-kiánn,niô-kiánn,娘子、妻子,好娘囝,娘子,[sound:minnan700-353-娘囝.mp3],[sound:minnan700-353-好娘囝.mp3],,,,,閩南語
354,軁,nǹg,,穿過、鑽營,軁磅空、軁鑽,鑽,[sound:minnan700-354-軁.mp3],[sound:minnan700-354-軁磅空.mp3],[sound:minnan700-354-軁鑽.mp3],,,,閩南語
355,卵,nn̄g,nuī,蛋,雞卵、鴨卵、卵仁,,[sound:minnan700-355-卵.mp3],[sound:minnan700-355-雞卵.mp3],[sound:minnan700-355-鴨卵.mp3],[sound:minnan700-355-卵仁.mp3],,,閩南語
356,撋,nuá,,(用力)推揉、搓洗,撋粿、撋鹹菜、撋衫,,[sound:minnan700-356-撋.mp3],[sound:minnan700-356-撋粿.mp3],[sound:minnan700-356-撋鹹菜.mp3],[sound:minnan700-356-撋衫.mp3],,,閩南語
357,瀾,nuā,,口水,流喙瀾、收瀾,涎,[sound:minnan700-357-瀾.mp3],[sound:minnan700-357-流喙瀾.mp3],[sound:minnan700-357-收瀾.mp3],,,,閩南語
358,呵咾,o-ló,,讚美,呵咾學生、予人呵咾,阿咾、謳咾,[sound:minnan700-358-呵咾.mp3],[sound:minnan700-358-呵咾學生.mp3],[sound:minnan700-358-予人呵咾.mp3],,,,閩南語
359,蚵,ô,,蠔、牡蠣,蚵仔麵線、蚵仔煎,蠔,[sound:minnan700-359-蚵.mp3],[sound:minnan700-359-蚵仔麵線.mp3],[sound:minnan700-359-蚵仔煎.mp3],,,,閩南語
360,僫,oh,,困難、不容易、慢,真僫、僫講、行路較僫到,,[sound:minnan700-360-僫.mp3],[sound:minnan700-360-真僫.mp3],[sound:minnan700-360-僫講.mp3],[sound:minnan700-360-行路較僫到.mp3],,,閩南語
361,烏,oo,,黑,烏枋、烏人,,[sound:minnan700-361-烏.mp3],[sound:minnan700-361-烏枋.mp3],[sound:minnan700-361-烏人.mp3],,,,閩南語
362,烏暗,oo-àm,,黑暗、不明亮,社會烏暗、天色烏暗,,[sound:minnan700-362-烏暗.mp3],[sound:minnan700-362-社會烏暗.mp3],[sound:minnan700-362-天色烏暗.mp3],,,,閩南語
363,挖,óo,ué,挖、掘,挖空、挖耳空,,[sound:minnan700-363-挖.mp3],[sound:minnan700-363-挖空.mp3],[sound:minnan700-363-挖耳空.mp3],,,,閩南語
364,爸,pa,pâ、pah,爸,阿爸、爸爸,,[sound:minnan700-364-爸.mp3],[sound:minnan700-364-阿爸.mp3],[sound:minnan700-364-爸爸.mp3],,,,閩南語
365,瓶,pân,,瓶,花瓶、酒瓶、水瓶,,[sound:minnan700-365-瓶.mp3],[sound:minnan700-365-花瓶.mp3],[sound:minnan700-365-酒瓶.mp3],[sound:minnan700-365-水瓶.mp3],,,閩南語
366,範勢,pān-sè,,情況,看範勢伊袂來矣、看範勢才閣講,,[sound:minnan700-366-範勢.mp3],[sound:minnan700-366-看範勢伊袂來矣.mp3],[sound:minnan700-366-看範勢才閣講.mp3],,,,閩南語
367,枋,pang,,木板、板狀物,枋仔、枋寮、紙枋、鐵枋,,[sound:minnan700-367-枋.mp3],[sound:minnan700-367-枋仔.mp3],[sound:minnan700-367-枋寮.mp3],[sound:minnan700-367-紙枋.mp3],[sound:minnan700-367-鐵枋.mp3],,閩南語
368,爸,pē,,爸,爸母、老爸,,[sound:minnan700-368-爸.mp3],[sound:minnan700-368-爸母.mp3],[sound:minnan700-368-老爸.mp3],,,,閩南語
369,擘,peh,,剝開、睜開,擘柑仔、目睭擘金,,[sound:minnan700-369-擘.mp3],[sound:minnan700-369-擘柑仔.mp3],[sound:minnan700-369-目睭擘金.mp3],,,,閩南語
370,葩,pha,,盞、串,一葩電火、兩葩葡萄,,[sound:minnan700-370-葩.mp3],[sound:minnan700-370-一葩電火.mp3],[sound:minnan700-370-兩葩葡萄.mp3],,,,閩南語
371,拍,phah,,打、製造、刮除,拍鼓、拍鎖匙、拍鱗,打、扑,[sound:minnan700-371-拍.mp3],[sound:minnan700-371-拍鼓.mp3],[sound:minnan700-371-拍鎖匙.mp3],[sound:minnan700-371-拍鱗.mp3],,,閩南語
372,拍呃,phah-eh,,呃逆、噯氣、打嗝,無食假拍呃,拍嗝、扑呃,[sound:minnan700-372-拍呃.mp3],[sound:minnan700-372-無食假拍呃.mp3],,,,,閩南語
373,拍算,phah-sǹg,,打算、也許,拍算欲去日本、拍算會落雨,扑算,[sound:minnan700-373-拍算.mp3],[sound:minnan700-373-拍算欲去日本.mp3],[sound:minnan700-373-拍算會落雨.mp3],,,,閩南語
374,歹,pháinn,phái,壞、惡、難,歹腹肚、歹聲嗽、歹講,,[sound:minnan700-374-歹.mp3],[sound:minnan700-374-歹腹肚.mp3],[sound:minnan700-374-歹聲嗽.mp3],[sound:minnan700-374-歹講.mp3],,,閩南語
375,歹勢,pháinn-sè,phái-sì,不好意思、害羞,驚歹勢,,[sound:minnan700-375-歹勢.mp3],[sound:minnan700-375-驚歹勢.mp3],,,,,閩南語
376,揹,phāinn,,背(物),揹冊包、揹物件,,[sound:minnan700-376-揹.mp3],[sound:minnan700-376-揹冊包.mp3],[sound:minnan700-376-揹物件.mp3],,,,閩南語
377,芳,phang,,香,花真芳、米芳,香,[sound:minnan700-377-芳.mp3],[sound:minnan700-377-花真芳.mp3],[sound:minnan700-377-米芳.mp3],,,,閩南語
378,捀,phâng,,端,捀茶、捀菜,,[sound:minnan700-378-捀.mp3],[sound:minnan700-378-捀茶.mp3],[sound:minnan700-378-捀菜.mp3],,,,閩南語
379,冇,phànn,,不紮實、不實,冇冇、冇柴、冇粟、冇數,,[sound:minnan700-379-冇.mp3],[sound:minnan700-379-冇冇.mp3],[sound:minnan700-379-冇柴.mp3],[sound:minnan700-379-冇粟.mp3],[sound:minnan700-379-冇數.mp3],,閩南語
380,抨,phiann,piann,丟、扔、摔,物件四界抨、抨椅仔,,[sound:minnan700-380-抨.mp3],[sound:minnan700-380-物件四界抨.mp3],[sound:minnan700-380-抨椅仔.mp3],,,,閩南語
381,𥰔仔,phín-á,,笛子,歕𥰔仔,品仔,[sound:minnan700-381-𥰔仔.mp3],[sound:minnan700-381-歕𥰔仔.mp3],,,,,閩南語
382,鼻,phīnn,phī,鼻子、聞、鼻涕,鼻空、鼻看覓、流鼻,,[sound:minnan700-382-鼻.mp3],[sound:minnan700-382-鼻空.mp3],[sound:minnan700-382-鼻看覓.mp3],[sound:minnan700-382-流鼻.mp3],,,閩南語
383,粕,phoh,,粕、殘渣,甘蔗粕、檳榔粕,,[sound:minnan700-383-粕.mp3],[sound:minnan700-383-甘蔗粕.mp3],[sound:minnan700-383-檳榔粕.mp3],,,,閩南語
384,豐沛,phong-phài,phang-phài,豐盛,攢甲真豐沛,,[sound:minnan700-384-豐沛.mp3],[sound:minnan700-384-攢甲真豐沛.mp3],,,,,閩南語
385,捧,phóng,,捧,捧水、捧米,,[sound:minnan700-385-捧.mp3],[sound:minnan700-385-捧水.mp3],[sound:minnan700-385-捧米.mp3],,,,閩南語
386,膨,phòng,,膨、鼓脹、蓬鬆,膨紗、膨皮、膨鼠,胖,[sound:minnan700-386-膨.mp3],[sound:minnan700-386-膨紗.mp3],[sound:minnan700-386-膨皮.mp3],[sound:minnan700-386-膨鼠.mp3],,,閩南語
387,蘋果,phōng-kó,,蘋果,蘋果欉、蘋果汁,蓬果,[sound:minnan700-387-蘋果.mp3],[sound:minnan700-387-蘋果欉.mp3],[sound:minnan700-387-蘋果汁.mp3],,,,閩南語
388,鋪,phoo,,鋪、床鋪,鋪地毯、鋪路、總鋪,,[sound:minnan700-388-鋪.mp3],[sound:minnan700-388-鋪地毯.mp3],[sound:minnan700-388-鋪路.mp3],[sound:minnan700-388-總鋪.mp3],,,閩南語
389,舖,phòo,,舖、單位詞(十華里為一舖),店舖、總舖師、一舖路,,[sound:minnan700-389-舖.mp3],[sound:minnan700-389-店舖.mp3],[sound:minnan700-389-總舖師.mp3],[sound:minnan700-389-一舖路.mp3],,,閩南語
390,扶,phôo,,托著、巴結,扶起來、扶頂司,,[sound:minnan700-390-扶.mp3],[sound:minnan700-390-扶起來.mp3],[sound:minnan700-390-扶頂司.mp3],,,,閩南語
391,殕,phú,,霉、灰色、灰暗不明的,臭殕、殕色、殕殕,,[sound:minnan700-391-殕.mp3],[sound:minnan700-391-臭殕.mp3],[sound:minnan700-391-殕色.mp3],[sound:minnan700-391-殕殕.mp3],,,閩南語
392,批,phue,phe,信,一張批信、限時批,,[sound:minnan700-392-批.mp3],[sound:minnan700-392-一張批信.mp3],[sound:minnan700-392-限時批.mp3],,,,閩南語
393,呸,phuì,,吐、翻臉、呸,呸痰、起呸面、呸呸呸,,[sound:minnan700-393-呸.mp3],[sound:minnan700-393-呸痰.mp3],[sound:minnan700-393-起呸面.mp3],[sound:minnan700-393-呸呸呸.mp3],,,閩南語
394,潘,phun,,淘米水、餿水,潘愛回收、米潘,,[sound:minnan700-394-潘.mp3],[sound:minnan700-394-潘愛回收.mp3],[sound:minnan700-394-米潘.mp3],,,,閩南語
395,觱,pi,,哨子,歕觱仔,,[sound:minnan700-395-觱.mp3],[sound:minnan700-395-歕觱仔.mp3],,,,,閩南語
396,煏,piak,,炸、爆、裂,煏豬油、煏豆仔、煏開,,[sound:minnan700-396-煏.mp3],[sound:minnan700-396-煏豬油.mp3],[sound:minnan700-396-煏豆仔.mp3],[sound:minnan700-396-煏開.mp3],,,閩南語
397,便所,piān-sóo,,廁所,掃便所、便所邊,,[sound:minnan700-397-便所.mp3],[sound:minnan700-397-掃便所.mp3],[sound:minnan700-397-便所邊.mp3],,,,閩南語
398,摒,piànn,,打掃、倒,摒房間、摒糞埽,,[sound:minnan700-398-摒.mp3],[sound:minnan700-398-摒房間.mp3],[sound:minnan700-398-摒糞埽.mp3],,,,閩南語
399,拚,piànn,,拚,拍拚、拚命,,[sound:minnan700-399-拚.mp3],[sound:minnan700-399-拍拚.mp3],[sound:minnan700-399-拚命.mp3],,,,閩南語
400,撆,pih,,(將袖子或褲管)挽起,撆手䘼、撆褲跤,彆,[sound:minnan700-400-撆.mp3],[sound:minnan700-400-撆手䘼.mp3],[sound:minnan700-400-撆褲跤.mp3],,,,閩南語
401,貧惰,pîn-tuānn,pûn-tuānn、pân-tuānn,懶惰,貧惰人、貧惰骨,貧憚,[sound:minnan700-401-貧惰.mp3],[sound:minnan700-401-貧惰人.mp3],[sound:minnan700-401-貧惰骨.mp3],,,,閩南語
402,反,píng,,反轉,倒反、反爿,,[sound:minnan700-402-反.mp3],[sound:minnan700-402-倒反.mp3],[sound:minnan700-402-反爿.mp3],,,,閩南語
403,爿,pîng,,邊,正爿、倒爿,旁,[sound:minnan700-403-爿.mp3],[sound:minnan700-403-正爿.mp3],[sound:minnan700-403-倒爿.mp3],,,,閩南語
404,保庇,pó-pì,,保護庇佑,求神保庇,,[sound:minnan700-404-保庇.mp3],[sound:minnan700-404-求神保庇.mp3],,,,,閩南語
405,碰,pōng,,碰撞,相碰,,[sound:minnan700-405-碰.mp3],[sound:minnan700-405-相碰.mp3],,,,,閩南語
406,磅,pōng,,磅秤、秤重,磅仔、磅重,,[sound:minnan700-406-磅.mp3],[sound:minnan700-406-磅仔.mp3],[sound:minnan700-406-磅重.mp3],,,,閩南語
407,磅米芳,pōng-bí-phang,,爆米花,巷仔口咧磅米芳,,[sound:minnan700-407-磅米芳.mp3],[sound:minnan700-407-巷仔口咧磅米芳.mp3],,,,,閩南語
408,磅空,pōng-khang,,山洞,過磅空,,[sound:minnan700-408-磅空.mp3],[sound:minnan700-408-過磅空.mp3],,,,,閩南語
409,磅子,pōng-tsí,,砝碼,這粒是偌重的磅子,,[sound:minnan700-409-磅子.mp3],[sound:minnan700-409-這粒是偌重的磅子.mp3],,,,,閩南語
410,埔,poo,,平地、沙洲、野地,草埔、海沙埔、墓仔埔,,[sound:minnan700-410-埔.mp3],[sound:minnan700-410-草埔.mp3],[sound:minnan700-410-海沙埔.mp3],[sound:minnan700-410-墓仔埔.mp3],,,閩南語
411,脯,póo,,(魚、肉、菜)乾、乾癟,魚脯、菜脯、脯脯,,[sound:minnan700-411-脯.mp3],[sound:minnan700-411-魚脯.mp3],[sound:minnan700-411-菜脯.mp3],[sound:minnan700-411-脯脯.mp3],,,閩南語
412,富,pù,,富,大富、富死,,[sound:minnan700-412-富.mp3],[sound:minnan700-412-大富.mp3],[sound:minnan700-412-富死.mp3],,,,閩南語
413,盤,puânn,,轉換、翻越,盤車、盤山過嶺、盤牆仔,蹣,[sound:minnan700-413-盤.mp3],[sound:minnan700-413-盤車.mp3],[sound:minnan700-413-盤山過嶺.mp3],[sound:minnan700-413-盤牆仔.mp3],,,閩南語
414,盤撋,puânn-nuá,,交際、交往,佮人盤撋,蹣撋,[sound:minnan700-414-盤撋.mp3],[sound:minnan700-414-佮人盤撋.mp3],,,,,閩南語
415,菠薐仔(菜),pue-lîng-á(-tshài),pe-lîng-á(-tshài),菠菜,菠薐仔(菜)煮豬肝,,[sound:minnan700-415-菠薐仔(菜).mp3],[sound:minnan700-415-菠薐仔(菜)煮豬肝.mp3],,,,,閩南語
416,掰,pué,,撥、拂,掰頭鬃、掰走,㧳,[sound:minnan700-416-掰.mp3],[sound:minnan700-416-掰頭鬃.mp3],[sound:minnan700-416-掰走.mp3],,,,閩南語
417,培墓,puē-bōng,pē-bōo、pēr-bōo,掃墓,清明培墓,,[sound:minnan700-417-培墓.mp3],[sound:minnan700-417-清明培墓.mp3],,,,,閩南語
418,糞埽,pùn-sò,,垃圾,糞埽桶、清糞埽,,[sound:minnan700-418-糞埽.mp3],[sound:minnan700-418-糞埽桶.mp3],[sound:minnan700-418-清糞埽.mp3],,,,閩南語
419,歕,pûn,,吹,歕風、歕鼓吹,噴,[sound:minnan700-419-歕.mp3],[sound:minnan700-419-歕風.mp3],[sound:minnan700-419-歕鼓吹.mp3],,,,閩南語
420,捎,sa,,抓取、拿,烏白捎、捎無總、捎錢,,[sound:minnan700-420-捎.mp3],[sound:minnan700-420-烏白捎.mp3],[sound:minnan700-420-捎無總.mp3],[sound:minnan700-420-捎錢.mp3],,,閩南語
421,煠,sa̍h,,白煮,煠卵、煠肉、煠麵,,[sound:minnan700-421-煠.mp3],[sound:minnan700-421-煠卵.mp3],[sound:minnan700-421-煠肉.mp3],[sound:minnan700-421-煠麵.mp3],,,閩南語
422,捒,sak,,棄、推,放捒、捒車、捒做堆,搡,[sound:minnan700-422-捒.mp3],[sound:minnan700-422-放捒.mp3],[sound:minnan700-422-捒車.mp3],[sound:minnan700-422-捒做堆.mp3],,,閩南語
423,瘦,sán,,瘦、貧瘠,瘦肉、瘦田,㾪,[sound:minnan700-423-瘦.mp3],[sound:minnan700-423-瘦肉.mp3],[sound:minnan700-423-瘦田.mp3],,,,閩南語
424,散赤,sàn-tshiah,,赤貧,家庭散赤、散赤人,,[sound:minnan700-424-散赤.mp3],[sound:minnan700-424-家庭散赤.mp3],[sound:minnan700-424-散赤人.mp3],,,,閩南語
425,散食,sàn-tsia̍h,,赤貧,散食囡仔、散食人,,[sound:minnan700-425-散食.mp3],[sound:minnan700-425-散食囡仔.mp3],[sound:minnan700-425-散食人.mp3],,,,閩南語
426,衫,sann,,衣服,穿衫、衫仔褲,,[sound:minnan700-426-衫.mp3],[sound:minnan700-426-穿衫.mp3],[sound:minnan700-426-衫仔褲.mp3],,,,閩南語
427,霎,sap,,小(雨),霎霎仔雨、雨霎仔,,[sound:minnan700-427-霎.mp3],[sound:minnan700-427-霎霎仔雨.mp3],[sound:minnan700-427-雨霎仔.mp3],,,,閩南語
428,梢聲,sau-siann,,聲音沙啞,講話梢聲,莦聲,[sound:minnan700-428-梢聲.mp3],[sound:minnan700-428-講話梢聲.mp3],,,,,閩南語
429,嗽,sàu,,咳嗽、口氣,嗽甲真厲害、聲嗽,,[sound:minnan700-429-嗽.mp3],[sound:minnan700-429-嗽甲真厲害.mp3],[sound:minnan700-429-聲嗽.mp3],,,,閩南語
430,細,sè,suè、serè,小、幼,細聲、細漢,,[sound:minnan700-430-細.mp3],[sound:minnan700-430-細聲.mp3],[sound:minnan700-430-細漢.mp3],,,,閩南語
431,踅,seh̍,ser̍h,繞,踅街、踅圓箍仔、踅踅唸,,[sound:minnan700-431-踅.mp3],[sound:minnan700-431-踅街.mp3],[sound:minnan700-431-踅圓箍仔.mp3],[sound:minnan700-431-踅踅唸.mp3],,,閩南語
432,生,senn,sinn,生鐵,生仔、生鍋,,[sound:minnan700-432-生.mp3],[sound:minnan700-432-生仔.mp3],[sound:minnan700-432-生鍋.mp3],,,,閩南語
433,生成,senn-sîng,senn-tsiânn、sinn-sîng、sinn-tsiânn,天生,生成這款形、爸母生成,,[sound:minnan700-433-生成.mp3],[sound:minnan700-433-生成這款形.mp3],[sound:minnan700-433-爸母生成.mp3],,,,閩南語
434,世,sì,,一生,一世人、出世,,[sound:minnan700-434-世.mp3],[sound:minnan700-434-一世人.mp3],[sound:minnan700-434-出世.mp3],,,,閩南語
435,四界,sì-kè,sì-kuè、sì-kerè,到處、處處,四界踅、四界行、四界去,,[sound:minnan700-435-四界.mp3],[sound:minnan700-435-四界踅.mp3],[sound:minnan700-435-四界行.mp3],[sound:minnan700-435-四界去.mp3],,,閩南語
436,序大,sī-tuā,,長輩,有孝序大、鄉親序大,視大,[sound:minnan700-436-序大.mp3],[sound:minnan700-436-有孝序大.mp3],[sound:minnan700-436-鄉親序大.mp3],,,,閩南語
437,閃爍,siám-sih,,閃爍,閃爍的天星,閃熾、閃熠,[sound:minnan700-437-閃爍.mp3],[sound:minnan700-437-閃爍的天星.mp3],,,,,閩南語
438,鉎,sian,san,鏽、汙垢,生鉎、身軀全鉎,,[sound:minnan700-438-鉎.mp3],[sound:minnan700-438-生鉎.mp3],[sound:minnan700-438-身軀全鉎.mp3],,,,閩南語
439,仙,sián,,一分錢,五仙錢、無半仙,銑,[sound:minnan700-439-仙.mp3],[sound:minnan700-439-五仙錢.mp3],[sound:minnan700-439-無半仙.mp3],,,,閩南語
440,𤺪,siān,,疲倦、厭倦,人𤺪𤺪、厭𤺪,僐、倦,[sound:minnan700-440-𤺪.mp3],[sound:minnan700-440-人𤺪𤺪.mp3],[sound:minnan700-440-厭𤺪.mp3],,,,閩南語
441,蟮蟲仔,siān-thâng-á,siān-âng-á/siān-lâng-á/siān-tâng-á/sîn-âng-á,壁虎,蟮蟲仔食蠓蟲,,[sound:minnan700-441-蟮蟲仔.mp3],[sound:minnan700-441-蟮蟲仔食蠓蟲.mp3],,,,,閩南語
442,啥,siánn,sánn,什麼、啥,啥貨、啥款、啥人,,[sound:minnan700-442-啥.mp3],[sound:minnan700-442-啥貨.mp3],[sound:minnan700-442-啥款.mp3],[sound:minnan700-442-啥人.mp3],,,閩南語
443,啥物,siánn-mih,sá/siá/sánn/sím/sám/siánn-mngh/mooh/mí,什麼,啥物代誌,啥麼、啥乜,[sound:minnan700-443-啥物.mp3],[sound:minnan700-443-啥物代誌.mp3],,,,,閩南語
444,唌,siânn,,引誘,共人唌、臭臊唌胡蠅,,[sound:minnan700-444-唌.mp3],[sound:minnan700-444-共人唌.mp3],[sound:minnan700-444-臭臊唌胡蠅.mp3],,,,閩南語
445,痟,siáu,,瘋、神經錯亂、動物發情、失常、發狂、沉迷,起痟、痟股票,𤞚,[sound:minnan700-445-痟.mp3],[sound:minnan700-445-起痟.mp3],[sound:minnan700-445-痟股票.mp3],,,,閩南語
446,數,siàu,,數目、帳目,算數、數簿,賬,[sound:minnan700-446-數.mp3],[sound:minnan700-446-算數.mp3],[sound:minnan700-446-數簿.mp3],,,,閩南語
447,數念,siàu-liām,,想念  ,數念伊,賬念,[sound:minnan700-447-數念.mp3],[sound:minnan700-447-數念伊.mp3],,,,,閩南語
448,少年,siàu-liân,,年少、年輕,伊猶真少年、少年家,,[sound:minnan700-448-少年.mp3],[sound:minnan700-448-伊猶真少年.mp3],[sound:minnan700-448-少年家.mp3],,,,閩南語
449,數想,siàu-siūnn,siàu-siōnn,妄想,免數想、枵狗數想豬肝骨,賬想,[sound:minnan700-449-數想.mp3],[sound:minnan700-449-免數想.mp3],[sound:minnan700-449-枵狗數想豬肝骨.mp3],,,,閩南語
450,爍爁,sih-nah,sih-nà/sinnh-nà,閃電,雷公爍爁,爍乍、熠爁、熾爁、熠乍,[sound:minnan700-450-爍爁.mp3],[sound:minnan700-450-雷公爍爁.mp3],,,,,閩南語
451,熟似,sik̍-sāi,,熟識,無熟似、熟似人,熟姒、熟視,[sound:minnan700-451-熟似.mp3],[sound:minnan700-451-無熟似.mp3],[sound:minnan700-451-熟似人.mp3],,,,閩南語
452,心酸,sim-sng,,傷心、辛酸,心酸流目屎、講心酸的,,[sound:minnan700-452-心酸.mp3],[sound:minnan700-452-心酸流目屎.mp3],[sound:minnan700-452-講心酸的.mp3],,,,閩南語
453,身軀,sin-khu,sing-khu、hun-su,身體,洗身軀、身軀勇壯,,[sound:minnan700-453-身軀.mp3],[sound:minnan700-453-洗身軀.mp3],[sound:minnan700-453-身軀勇壯.mp3],,,,閩南語
454,新婦,sin-pū,sim-pū,媳婦,娶新婦、新婦仔,,[sound:minnan700-454-新婦.mp3],[sound:minnan700-454-娶新婦.mp3],[sound:minnan700-454-新婦仔.mp3],,,,閩南語
455,承,sîn,,接、接續,承球、承水、承話尾,,[sound:minnan700-455-承.mp3],[sound:minnan700-455-承球.mp3],[sound:minnan700-455-承水.mp3],[sound:minnan700-455-承話尾.mp3],,,閩南語
456,相借問,sio-tsioh-mn̄g,sann-tsioh-mng/sio-tsioh-muī,打招呼、探望,見面著愛相借問,,[sound:minnan700-456-相借問.mp3],[sound:minnan700-456-見面著愛相借問.mp3],,,,,閩南語
457,小可(仔),sió-khuá(-á),,稍微,小可生理、小可仔鹹鹹,,[sound:minnan700-457-小可(仔).mp3],[sound:minnan700-457-小可生理.mp3],[sound:minnan700-457-小可仔鹹鹹.mp3],,,,閩南語
458,液,sio̍h,,(手、腳)汗,手液、臭跤液,,[sound:minnan700-458-液.mp3],[sound:minnan700-458-手液.mp3],[sound:minnan700-458-臭跤液.mp3],,,,閩南語
459,上,siōng,siāng,上、最,上好、上濟,尚,[sound:minnan700-459-上.mp3],[sound:minnan700-459-上好.mp3],[sound:minnan700-459-上濟.mp3],,,,閩南語
460,四秀(仔),sì-siù(-á),,零食,食四秀(仔),,[sound:minnan700-460-四秀(仔).mp3],[sound:minnan700-460-食四秀(仔).mp3],,,,,閩南語
461,失志,sit-tsì,,喪志、失意、氣餒,毋通失志、伊真失志,,[sound:minnan700-461-失志.mp3],[sound:minnan700-461-毋通失志.mp3],[sound:minnan700-461-伊真失志.mp3],,,,閩南語
462,岫,siū,,巢穴,鳥仔岫、賊岫,,[sound:minnan700-462-岫.mp3],[sound:minnan700-462-鳥仔岫.mp3],[sound:minnan700-462-賊岫.mp3],,,,閩南語
463,受氣,siū-khì,siūnn-khì,生氣、發怒,真受氣,,[sound:minnan700-463-受氣.mp3],[sound:minnan700-463-真受氣.mp3],,,,,閩南語
464,傷,siunn,sionn,太,傷鹹、傷大,,[sound:minnan700-464-傷.mp3],[sound:minnan700-464-傷鹹.mp3],[sound:minnan700-464-傷大.mp3],,,,閩南語
465,耍,sńg,,玩、遊戲,愛耍、好耍,爽,[sound:minnan700-465-耍.mp3],[sound:minnan700-465-愛耍.mp3],[sound:minnan700-465-好耍.mp3],,,,閩南語
466,挲,so,,撫摸、搓、安撫、打圓場,挲草、挲圓仔,搓、搔,[sound:minnan700-466-挲.mp3],[sound:minnan700-466-挲草.mp3],[sound:minnan700-466-挲圓仔.mp3],,,,閩南語
467,鎖匙,só-sî,,鑰匙,拍鎖匙、用鎖匙開門,,[sound:minnan700-467-鎖匙.mp3],[sound:minnan700-467-拍鎖匙.mp3],[sound:minnan700-467-用鎖匙開門.mp3],,,,閩南語
468,趖,sô,,蟲類爬行、動作緩慢,蟲咧趖、四界趖、鼎邊趖,,[sound:minnan700-468-趖.mp3],[sound:minnan700-468-蟲咧趖.mp3],[sound:minnan700-468-四界趖.mp3],[sound:minnan700-468-鼎邊趖.mp3],,,閩南語
469,索,soh,,繩子,跳索仔、搝大索,,[sound:minnan700-469-索.mp3],[sound:minnan700-469-跳索仔.mp3],[sound:minnan700-469-搝大索.mp3],,,,閩南語
470,倯,sông,,粗俗、不文雅,草地倯、倯閣有力,傖,[sound:minnan700-470-倯.mp3],[sound:minnan700-470-草地倯.mp3],[sound:minnan700-470-倯閣有力.mp3],,,,閩南語
471,所費,sóo-huì,,費用、開支、花費,偌濟所費、都市的所費較懸,,[sound:minnan700-471-所費.mp3],[sound:minnan700-471-偌濟所費.mp3],[sound:minnan700-471-都市的所費較懸.mp3],,,,閩南語
472,軀,su,,身體、計算成套衣服的單位,合軀、一軀衫,,[sound:minnan700-472-軀.mp3],[sound:minnan700-472-合軀.mp3],[sound:minnan700-472-一軀衫.mp3],,,,閩南語
473,思慕,su-bōo,,想念愛慕,心所思慕的人、共思慕囥佇心肝底,,[sound:minnan700-473-思慕.mp3],[sound:minnan700-473-心所思慕的人.mp3],[sound:minnan700-473-共思慕囥佇心肝底.mp3],,,,閩南語
474,徙,suá,,徙、移,搬徙、徙位,,[sound:minnan700-474-徙.mp3],[sound:minnan700-474-搬徙.mp3],[sound:minnan700-474-徙位.mp3],,,,閩南語
475,紲,suà,,連續、接連不斷。,紲落去、相紲、接紲、順紲,續,[sound:minnan700-475-紲.mp3],[sound:minnan700-475-紲落去.mp3],[sound:minnan700-475-相紲.mp3],[sound:minnan700-475-接紲.mp3],[sound:minnan700-475-順紲.mp3],,閩南語
476,煞,suah,,結束、竟然,煞戲、煞尾、煞落雨,,[sound:minnan700-476-煞.mp3],[sound:minnan700-476-煞戲.mp3],[sound:minnan700-476-煞尾.mp3],[sound:minnan700-476-煞落雨.mp3],,,閩南語
477,漩,suān,,撒尿、灑水,漩尿、漩桶,,[sound:minnan700-477-漩.mp3],[sound:minnan700-477-漩尿.mp3],[sound:minnan700-477-漩桶.mp3],,,,閩南語
478,璇石,suān-tsio̍h,,鑽石,璇石手指,,[sound:minnan700-478-璇石.mp3],[sound:minnan700-478-璇石手指.mp3],,,,,閩南語
479,散,suànn,,散,散開、分散,,[sound:minnan700-479-散.mp3],[sound:minnan700-479-散開.mp3],[sound:minnan700-479-分散.mp3],,,,閩南語
480,欶,suh,soh,吸,欶管、欶奶、欶水,嗍、𠲿,[sound:minnan700-480-欶.mp3],[sound:minnan700-480-欶管.mp3],[sound:minnan700-480-欶奶.mp3],[sound:minnan700-480-欶水.mp3],,,閩南語
481,媠,suí,,美麗、漂亮,媠氣、愛媠,美、水,[sound:minnan700-481-媠.mp3],[sound:minnan700-481-媠氣.mp3],[sound:minnan700-481-愛媠.mp3],,,,閩南語
482,隨,suî,,馬上、跟隨,隨來、相隨,,[sound:minnan700-482-隨.mp3],[sound:minnan700-482-隨來.mp3],[sound:minnan700-482-相隨.mp3],,,,閩南語
483,隨在,suî-tsāi,,任憑、任由,隨在你、隨在人,,[sound:minnan700-483-隨在.mp3],[sound:minnan700-483-隨在你.mp3],[sound:minnan700-483-隨在人.mp3],,,,閩南語
484,巡,sûn,,察看、線條、紋路,巡社區、畫一巡、目睭重巡,,[sound:minnan700-484-巡.mp3],[sound:minnan700-484-巡社區.mp3],[sound:minnan700-484-畫一巡.mp3],[sound:minnan700-484-目睭重巡.mp3],,,閩南語
485,焦,ta,,乾,喙焦、臭火焦,乾、凋、礁,[sound:minnan700-485-焦.mp3],[sound:minnan700-485-喙焦.mp3],[sound:minnan700-485-臭火焦.mp3],,,,閩南語
486,大家,ta-ke,tuā-ke,婆婆,頭一擺做大家,乾家,[sound:minnan700-486-大家.mp3],[sound:minnan700-486-頭一擺做大家.mp3],,,,,閩南語
487,大官,ta-kuann,,公公、家翁,阮大官人真好,大倌,[sound:minnan700-487-大官.mp3],[sound:minnan700-487-阮大官人真好.mp3],,,,,閩南語
488,罩,tà,,罩、蓋,罩霧、蠓罩、雞罩,,[sound:minnan700-488-罩.mp3],[sound:minnan700-488-罩霧.mp3],[sound:minnan700-488-蠓罩.mp3],[sound:minnan700-488-雞罩.mp3],,,閩南語
489,呆,tai,,愚昧、口齒不清,戇大呆、臭奶呆,獃,[sound:minnan700-489-呆.mp3],[sound:minnan700-489-戇大呆.mp3],[sound:minnan700-489-臭奶呆.mp3],,,,閩南語
490,代誌,tāi-tsì,,事、事情,無代誌、好代誌,事志,[sound:minnan700-490-代誌.mp3],[sound:minnan700-490-無代誌.mp3],[sound:minnan700-490-好代誌.mp3],,,,閩南語
491,逐,ta̍k,,每,逐个人、逐擺,,[sound:minnan700-491-逐.mp3],[sound:minnan700-491-逐个人.mp3],[sound:minnan700-491-逐擺.mp3],,,,閩南語
492,澹,tâm,,濕,澹糊糊、澹漉漉、衫澹去,,[sound:minnan700-492-澹.mp3],[sound:minnan700-492-澹糊糊.mp3],[sound:minnan700-492-澹漉漉.mp3],[sound:minnan700-492-衫澹去.mp3],,,閩南語
493,淡薄(仔),tām-po̍h(-á),,一點點,啉淡薄、淡薄仔意思,,[sound:minnan700-493-淡薄(仔).mp3],[sound:minnan700-493-啉淡薄.mp3],[sound:minnan700-493-淡薄仔意思.mp3],,,,閩南語
494,擲,tàn,,扔、擲,擲石頭、擲掉,掞,[sound:minnan700-494-擲.mp3],[sound:minnan700-494-擲石頭.mp3],[sound:minnan700-494-擲掉.mp3],,,,閩南語
495,霆,tân,,響,霆雷公、霆水螺,陳,[sound:minnan700-495-霆.mp3],[sound:minnan700-495-霆雷公.mp3],[sound:minnan700-495-霆水螺.mp3],,,,閩南語
496,冬,tang,,年、收成季,過一冬、好年冬、早冬,,[sound:minnan700-496-冬.mp3],[sound:minnan700-496-過一冬.mp3],[sound:minnan700-496-好年冬.mp3],[sound:minnan700-496-早冬.mp3],,,閩南語
497,當時,tang-sî,,何時,當時開會、佇當時,東時,[sound:minnan700-497-當時.mp3],[sound:minnan700-497-當時開會.mp3],[sound:minnan700-497-佇當時.mp3],,,,閩南語
498,凍霜,tàng-sng,,吝嗇,傷凍霜,,[sound:minnan700-498-凍霜.mp3],[sound:minnan700-498-傷凍霜.mp3],,,,,閩南語
499,今,tann,,現在、如今,到今猶毋捌看過、今害矣,旦,[sound:minnan700-499-今.mp3],[sound:minnan700-499-到今猶毋捌看過.mp3],[sound:minnan700-499-今害矣.mp3],,,,閩南語
500,兜,tau,,家、附近,阮兜、跤兜,,[sound:minnan700-500-兜.mp3],[sound:minnan700-500-阮兜.mp3],[sound:minnan700-500-跤兜.mp3],,,,閩南語
501,鬥,tàu,,拼合、湊,鬥做伙、鬥陣、鬥跤手,湊,[sound:minnan700-501-鬥.mp3],[sound:minnan700-501-鬥做伙.mp3],[sound:minnan700-501-鬥陣.mp3],[sound:minnan700-501-鬥跤手.mp3],,,閩南語
502,鬥相共,tàu-sann-kāng,tàu-sio-kāng,幫忙,做伙鬥相共、朋友有困難著鬥相共,湊相共、搭相共,[sound:minnan700-502-鬥相共.mp3],[sound:minnan700-502-做伙鬥相共.mp3],[sound:minnan700-502-朋友有困難著鬥相共.mp3],,,,閩南語
503,沓,tau̍h,,慢慢的、反覆,沓沓仔講、沓沓講,,[sound:minnan700-503-沓.mp3],[sound:minnan700-503-沓沓仔講.mp3],[sound:minnan700-503-沓沓講.mp3],,,,閩南語
504,貯,té,tué、teré,裝、盛,貯水、貯飯,,[sound:minnan700-504-貯.mp3],[sound:minnan700-504-貯水.mp3],[sound:minnan700-504-貯飯.mp3],,,,閩南語
505,硩,teh,,壓、止,硩年、硩重、紙硩、硩茶盤、硩嗽,矺,[sound:minnan700-505-硩.mp3],[sound:minnan700-505-硩年.mp3],[sound:minnan700-505-硩重.mp3],[sound:minnan700-505-紙硩.mp3],[sound:minnan700-505-硩茶盤.mp3],[sound:minnan700-505-硩嗽.mp3],閩南語
506,癩哥,thái-ko,,癩瘡、骯髒,癩哥鬼、這个所在足癩哥的,癩哥,[sound:minnan700-506-癩哥.mp3],[sound:minnan700-506-癩哥鬼.mp3],[sound:minnan700-506-這个所在足癩哥的.mp3],,,,閩南語
507,刣,thâi,,宰殺、割、刪,刣豬、刣頭、刣掉,,[sound:minnan700-507-刣.mp3],[sound:minnan700-507-刣豬.mp3],[sound:minnan700-507-刣頭.mp3],[sound:minnan700-507-刣掉.mp3],,,閩南語
508,趁,thàn,,賺、趁,趁錢、趁早,,[sound:minnan700-508-趁.mp3],[sound:minnan700-508-趁錢.mp3],[sound:minnan700-508-趁早.mp3],,,,閩南語
509,通,thang,,通過、可以,通光、毋通,,[sound:minnan700-509-通.mp3],[sound:minnan700-509-通光.mp3],[sound:minnan700-509-毋通.mp3],,,,閩南語
510,迵,thàng,,穿過、穿透、貫串,迵過、規年迵天,,[sound:minnan700-510-迵.mp3],[sound:minnan700-510-迵過.mp3],[sound:minnan700-510-規年迵天.mp3],,,,閩南語
511,痛,thàng,,憐惜,爸母對囝兒的疼痛,,[sound:minnan700-511-痛.mp3],[sound:minnan700-511-爸母對囝兒的疼痛.mp3],,,,,閩南語
512,窒,that,,塞,窒仔、窒車,,[sound:minnan700-512-窒.mp3],[sound:minnan700-512-窒仔.mp3],[sound:minnan700-512-窒車.mp3],,,,閩南語
513,敨,tháu,,解開、抒發,敨索仔、敨放、敨開、敨氣,㪗,[sound:minnan700-513-敨.mp3],[sound:minnan700-513-敨索仔.mp3],[sound:minnan700-513-敨放.mp3],[sound:minnan700-513-敨開.mp3],[sound:minnan700-513-敨氣.mp3],,閩南語
514,透早,thàu-tsá,,一早、清晨,透早就出門,,[sound:minnan700-514-透早.mp3],[sound:minnan700-514-透早就出門.mp3],,,,,閩南語
515,頭,thâu,,頭、首先,頭殼、頭先,,[sound:minnan700-515-頭.mp3],[sound:minnan700-515-頭殼.mp3],[sound:minnan700-515-頭先.mp3],,,,閩南語
516,頭路,thâu-lōo,,職業、工作,食頭路、無頭路,投路,[sound:minnan700-516-頭路.mp3],[sound:minnan700-516-食頭路.mp3],[sound:minnan700-516-無頭路.mp3],,,,閩南語
517,退,thè,thèr,退,倒退、退火、退伍,,[sound:minnan700-517-退.mp3],[sound:minnan700-517-倒退.mp3],[sound:minnan700-517-退火.mp3],[sound:minnan700-517-退伍.mp3],,,閩南語
518,替換,thè-uānn,thuè-uānn,更換,相替換,,[sound:minnan700-518-替換.mp3],[sound:minnan700-518-相替換.mp3],,,,,閩南語
519,提,theh̍,thueh̍/thereh̍/ther̍h/kheh̍/eh̍,拿,提錢、提物件,摕,[sound:minnan700-519-提.mp3],[sound:minnan700-519-提錢.mp3],[sound:minnan700-519-提物件.mp3],,,,閩南語
520,褫,thí,,張開、展開,目睭褫袂開,,[sound:minnan700-520-褫.mp3],[sound:minnan700-520-目睭褫袂開.mp3],,,,,閩南語
521,忝,thiám,,疲累、嚴重,活欲忝死、予伊害甲真忝,悿,[sound:minnan700-521-忝.mp3],[sound:minnan700-521-活欲忝死.mp3],[sound:minnan700-521-予伊害甲真忝.mp3],,,,閩南語
522,疼,thiànn,,痛、疼愛,喙齒疼、疼惜、疼囝,,[sound:minnan700-522-疼.mp3],[sound:minnan700-522-喙齒疼.mp3],[sound:minnan700-522-疼惜.mp3],[sound:minnan700-522-疼囝.mp3],,,閩南語
523,刁工,thiau-kang,tiau-kang,特地、故意,刁工來看你、刁工講的,,[sound:minnan700-523-刁工.mp3],[sound:minnan700-523-刁工來看你.mp3],[sound:minnan700-523-刁工講的.mp3],,,,閩南語
524,斟,thîn,,斟、倒(茶),斟茶、斟酒,漛,[sound:minnan700-524-斟.mp3],[sound:minnan700-524-斟茶.mp3],[sound:minnan700-524-斟酒.mp3],,,,閩南語
525,伨,thīn,,支持、使平均、婚配,相伨、伨頭、伨親,媵,[sound:minnan700-525-伨.mp3],[sound:minnan700-525-相伨.mp3],[sound:minnan700-525-伨頭.mp3],[sound:minnan700-525-伨親.mp3],,,閩南語
526,褪,thǹg,thuìnn,蛻換、脫下,褪殼、褪衫,,[sound:minnan700-526-褪.mp3],[sound:minnan700-526-褪殼.mp3],[sound:minnan700-526-褪衫.mp3],,,,閩南語
527,討債,thó-tsè,,浪費,討債囡仔、有夠討債,,[sound:minnan700-527-討債.mp3],[sound:minnan700-527-討債囡仔.mp3],[sound:minnan700-527-有夠討債.mp3],,,,閩南語
528,捅,thóng,,冒出、出頭、啄,捅頭、三十捅歲、雞仔捅米,,[sound:minnan700-528-捅.mp3],[sound:minnan700-528-捅頭.mp3],[sound:minnan700-528-三十捅歲.mp3],[sound:minnan700-528-雞仔捅米.mp3],,,閩南語
529,土,thóo,,土地、土性、本地的,土地、土直、土產,,[sound:minnan700-529-土.mp3],[sound:minnan700-529-土地.mp3],[sound:minnan700-529-土直.mp3],[sound:minnan700-529-土產.mp3],,,閩南語
530,塗,thôo,,泥土、地上、糟糕,塗沙、塗跤、塗塗塗,土,[sound:minnan700-530-塗.mp3],[sound:minnan700-530-塗沙.mp3],[sound:minnan700-530-塗跤.mp3],[sound:minnan700-530-塗塗塗.mp3],,,閩南語
531,拖,thua,,拖延、勞碌,代誌毋通拖、拖磨,,[sound:minnan700-531-拖.mp3],[sound:minnan700-531-代誌毋通拖.mp3],[sound:minnan700-531-拖磨.mp3],,,,閩南語
532,挩,thuah,,來回拖拉、來回搓洗,挩門、挩窗、挩枋,,[sound:minnan700-532-挩.mp3],[sound:minnan700-532-挩門.mp3],[sound:minnan700-532-挩窗.mp3],[sound:minnan700-532-挩枋.mp3],,,閩南語
533,屜,thuah,,抽屜,屜仔、頂屜,,[sound:minnan700-533-屜.mp3],[sound:minnan700-533-屜仔.mp3],[sound:minnan700-533-頂屜.mp3],,,,閩南語
534,托,thuh,,承舉,托懸、托下頦,,[sound:minnan700-534-托.mp3],[sound:minnan700-534-托懸.mp3],[sound:minnan700-534-托下頦.mp3],,,,閩南語
535,黜,thuh,,鏟(除)、揭露,黜鼎疕、黜沙、黜臭,,[sound:minnan700-535-黜.mp3],[sound:minnan700-535-黜鼎疕.mp3],[sound:minnan700-535-黜沙.mp3],[sound:minnan700-535-黜臭.mp3],,,閩南語
536,坉,thūn,,填入,坉井、坉塗、坉本,填,[sound:minnan700-536-坉.mp3],[sound:minnan700-536-坉井.mp3],[sound:minnan700-536-坉塗.mp3],[sound:minnan700-536-坉本.mp3],,,閩南語
537,智識,tì-sik,tì-sit,知識,智識份子、無智識,知識,[sound:minnan700-537-智識.mp3],[sound:minnan700-537-智識份子.mp3],[sound:minnan700-537-無智識.mp3],,,,閩南語
538,箸,tī,tīr、tū,筷子,碗箸、一雙箸,,[sound:minnan700-538-箸.mp3],[sound:minnan700-538-碗箸.mp3],[sound:minnan700-538-一雙箸.mp3],,,,閩南語
539,佇,tī,tīr、tū,在,佇遮、有佇咧,,[sound:minnan700-539-佇.mp3],[sound:minnan700-539-佇遮.mp3],[sound:minnan700-539-有佇咧.mp3],,,,閩南語
540,踮,tiàm,tàm,在、住,我踮遮等你、恁兜踮佗位,,[sound:minnan700-540-踮.mp3],[sound:minnan700-540-我踮遮等你.mp3],[sound:minnan700-540-恁兜踮佗位.mp3],,,,閩南語
541,顛倒,tian-tò,,顛倒、反而,顛倒反、顛倒好,,[sound:minnan700-541-顛倒.mp3],[sound:minnan700-541-顛倒反.mp3],[sound:minnan700-541-顛倒好.mp3],,,,閩南語
542,鼎,tiánn,,鍋子,大鼎、鼎鍋仔,鐤,[sound:minnan700-542-鼎.mp3],[sound:minnan700-542-大鼎.mp3],[sound:minnan700-542-鼎鍋仔.mp3],,,,閩南語
543,埕,tiânn,,庭院、廣場,頭前埕、運動埕,庭,[sound:minnan700-543-埕.mp3],[sound:minnan700-543-頭前埕.mp3],[sound:minnan700-543-運動埕.mp3],,,,閩南語
544,定定,tiānn-tiānn,,常常、時常,定定去、愛定定運動,,[sound:minnan700-544-定定.mp3],[sound:minnan700-544-定定去.mp3],[sound:minnan700-544-愛定定運動.mp3],,,,閩南語
545,定定,tiānn-tiānn,,靜止不動,徛定定,,[sound:minnan700-545-定定.mp3],[sound:minnan700-545-徛定定.mp3],,,,,閩南語
546,定著,tiānn-tio̍h,,定、一定、安穩,已經講定著矣、明仔載定著會落雨、坐予伊定著,,[sound:minnan700-546-定著.mp3],[sound:minnan700-546-已經講定著矣.mp3],[sound:minnan700-546-明仔載定著會落雨.mp3],[sound:minnan700-546-坐予伊定著.mp3],,,閩南語
547,牢,tiâu,,欄圈、牢、附著、錄取,牛牢、掠予牢、黏牢、考牢大學,椆、稠,[sound:minnan700-547-牢.mp3],[sound:minnan700-547-牛牢.mp3],[sound:minnan700-547-掠予牢.mp3],[sound:minnan700-547-黏牢.mp3],[sound:minnan700-547-考牢大學.mp3],,閩南語
548,抌,tìm,,投、擲,抌石頭,,[sound:minnan700-548-抌.mp3],[sound:minnan700-548-抌石頭.mp3],,,,,閩南語
549,鎮位,tìn-uī,,佔地方,物件鎮位,,[sound:minnan700-549-鎮位.mp3],[sound:minnan700-549-物件鎮位.mp3],,,,,閩南語
550,陣,tīn,,群,一陣人、挨挨陣陣、陣頭,,[sound:minnan700-550-陣.mp3],[sound:minnan700-550-一陣人.mp3],[sound:minnan700-550-挨挨陣陣.mp3],[sound:minnan700-550-陣頭.mp3],,,閩南語
551,頂,tíng,,頂、先前,厝頂、一頂帽仔、頂擺,,[sound:minnan700-551-頂.mp3],[sound:minnan700-551-厝頂.mp3],[sound:minnan700-551-一頂帽仔.mp3],[sound:minnan700-551-頂擺.mp3],,,閩南語
552,亭仔跤,tîng-á-kha,,騎樓,行亭仔跤較涼、佇亭仔跤覕雨,亭仔腳、亭仔骹,[sound:minnan700-552-亭仔跤.mp3],[sound:minnan700-552-行亭仔跤較涼.mp3],[sound:minnan700-552-佇亭仔跤覕雨.mp3],,,,閩南語
553,𠕇,tīng,,硬,𠕇柴、𠕇米、𠕇篤,橂,[sound:minnan700-553-𠕇.mp3],[sound:minnan700-553-𠕇柴.mp3],[sound:minnan700-553-𠕇米.mp3],[sound:minnan700-553-𠕇篤.mp3],,,閩南語
554,滇,tīnn,,滿、溢,傷滇、斟予滇,淀,[sound:minnan700-554-滇.mp3],[sound:minnan700-554-傷滇.mp3],[sound:minnan700-554-斟予滇.mp3],,,,閩南語
555,趒,tiô,,彈跳、跳動,趒跤頓蹄、驚一趒,,[sound:minnan700-555-趒.mp3],[sound:minnan700-555-趒跤頓蹄.mp3],[sound:minnan700-555-驚一趒.mp3],,,,閩南語
556,著,tio̍h,,對、得、到、必須,毋著、著獎、看著、著愛,,[sound:minnan700-556-著.mp3],[sound:minnan700-556-毋著.mp3],[sound:minnan700-556-著獎.mp3],[sound:minnan700-556-看著.mp3],[sound:minnan700-556-著愛.mp3],,閩南語
557,中晝,tiong-tàu,,中午、午飯,透中晝、食中晝,,[sound:minnan700-557-中晝.mp3],[sound:minnan700-557-透中晝.mp3],[sound:minnan700-557-食中晝.mp3],,,,閩南語
558,得,tit,tsit/lit/eh/lih,得,袂記得、袂比得,,[sound:minnan700-558-得.mp3],[sound:minnan700-558-袂記得.mp3],[sound:minnan700-558-袂比得.mp3],,,,閩南語
559,張持,tiunn-tî,tionn-tî,小心、注意,無張持,,[sound:minnan700-559-張持.mp3],[sound:minnan700-559-無張持.mp3],,,,,閩南語
560,轉,tńg,tuínn,轉變、返、旋轉、周轉,轉南風、見笑轉受氣、轉去、輪仔咧轉、支票小轉一下,返,[sound:minnan700-560-轉.mp3],[sound:minnan700-560-轉南風.mp3],[sound:minnan700-560-見笑轉受氣.mp3],[sound:minnan700-560-轉去.mp3],[sound:minnan700-560-輪仔咧轉.mp3],[sound:minnan700-560-支票小轉一下.mp3],閩南語
561,頓,tǹg,tuìnn,頓、蓋(章)、捶打、跌坐,顧三頓、頓印仔、頓椅頓桌、頓龜,,[sound:minnan700-561-頓.mp3],[sound:minnan700-561-顧三頓.mp3],[sound:minnan700-561-頓印仔.mp3],[sound:minnan700-561-頓椅頓桌.mp3],[sound:minnan700-561-頓龜.mp3],,閩南語
562,搪,tn̄g,,遇到,搪著同學、拄搪,,[sound:minnan700-562-搪.mp3],[sound:minnan700-562-搪著同學.mp3],[sound:minnan700-562-拄搪.mp3],,,,閩南語
563,都,to,,都,連一字都毋捌,,[sound:minnan700-563-都.mp3],[sound:minnan700-563-連一字都毋捌.mp3],,,,,閩南語
564,佗位,tó-uī,toh-uī,哪裡,欲去佗位、學校佇佗位,叨位,[sound:minnan700-564-佗位.mp3],[sound:minnan700-564-欲去佗位.mp3],[sound:minnan700-564-學校佇佗位.mp3],,,,閩南語
565,倒,tò,,傾倒、左邊、反向,倒掉、倒手、倒頭栽,,[sound:minnan700-565-倒.mp3],[sound:minnan700-565-倒掉.mp3],[sound:minnan700-565-倒手.mp3],[sound:minnan700-565-倒頭栽.mp3],,,閩南語
566,倒摔向,tò-siàng-hiànn,tò-siak-hiànn,向後摔倒,跋一下倒摔向、坐無拄好倒摔向,,[sound:minnan700-566-倒摔向.mp3],[sound:minnan700-566-跋一下倒摔向.mp3],[sound:minnan700-566-坐無拄好倒摔向.mp3],,,,閩南語
567,就,tō,tio̍h/to̍h/tiō/tsiū,就......,按呢就著,著,[sound:minnan700-567-就.mp3],[sound:minnan700-567-按呢就著.mp3],,,,,閩南語
568,著,to̍h,tio̍h,著、點燃、點著、點亮,著火、電火點予著,𤏸,[sound:minnan700-568-著.mp3],[sound:minnan700-568-著火.mp3],[sound:minnan700-568-電火點予著.mp3],,,,閩南語
569,剁,tok,,剁,剁肉、剁斷,斵,[sound:minnan700-569-剁.mp3],[sound:minnan700-569-剁肉.mp3],[sound:minnan700-569-剁斷.mp3],,,,閩南語
570,啄龜,tok-ku,,打瞌睡,上課啄龜,,[sound:minnan700-570-啄龜.mp3],[sound:minnan700-570-上課啄龜.mp3],,,,,閩南語
571,當做,tòng-tsò,tòng-tsuè,當做、當作,食苦當做食補、共冊當做寶貝,,[sound:minnan700-571-當做.mp3],[sound:minnan700-571-食苦當做食補.mp3],[sound:minnan700-571-共冊當做寶貝.mp3],,,,閩南語
572,撞,tōng,,碰擊、撞,撞球、撞著壁、撞一空,,[sound:minnan700-572-撞.mp3],[sound:minnan700-572-撞球.mp3],[sound:minnan700-572-撞著壁.mp3],[sound:minnan700-572-撞一空.mp3],,,閩南語
573,杜蚓,tōo-kún,tōo-ún、tōo-kín,蚯蚓,挖杜蚓,塗蚓,[sound:minnan700-573-杜蚓.mp3],[sound:minnan700-573-挖杜蚓.mp3],,,,,閩南語
574,查某,tsa-bóo,,女人、女性,查某囝、查某人,,[sound:minnan700-574-查某.mp3],[sound:minnan700-574-查某囝.mp3],[sound:minnan700-574-查某人.mp3],,,,閩南語
575,昨昏,tsa-hng,tsa̍h-hng,昨天,伊昨昏無來,,[sound:minnan700-575-昨昏.mp3],[sound:minnan700-575-伊昨昏無來.mp3],,,,,閩南語
576,查埔,tsa-poo,ta-poo,男子、男性,查埔人、查埔囡仔,查甫、查夫,[sound:minnan700-576-查埔.mp3],[sound:minnan700-576-查埔人.mp3],[sound:minnan700-576-查埔囡仔.mp3],,,,閩南語
577,紮,tsah,,攜帶,紮錢、紮便當,,[sound:minnan700-577-紮.mp3],[sound:minnan700-577-紮錢.mp3],[sound:minnan700-577-紮便當.mp3],,,,閩南語
578,閘,tsa̍h,,阻擋、閘,閘水、水閘仔,截,[sound:minnan700-578-閘.mp3],[sound:minnan700-578-閘水.mp3],[sound:minnan700-578-水閘仔.mp3],,,,閩南語
579,知,tsai,,知道,知影、知苦,,[sound:minnan700-579-知.mp3],[sound:minnan700-579-知影.mp3],[sound:minnan700-579-知苦.mp3],,,,閩南語
580,才調,tsâi-tiāu,,本事、能力,有才調、無才調,,[sound:minnan700-580-才調.mp3],[sound:minnan700-580-有才調.mp3],[sound:minnan700-580-無才調.mp3],,,,閩南語
581,蹔,tsàm,,踹、跺、用力踏,蹔予伊斷、蹔跤步,,[sound:minnan700-581-蹔.mp3],[sound:minnan700-581-蹔予伊斷.mp3],[sound:minnan700-581-蹔跤步.mp3],,,,閩南語
582,站,tsām,,陣子,彼站、這站仔,,[sound:minnan700-582-站.mp3],[sound:minnan700-582-彼站.mp3],[sound:minnan700-582-這站仔.mp3],,,,閩南語
583,站節,tsām-tsat,,分寸,有站節、無站節,暫節,[sound:minnan700-583-站節.mp3],[sound:minnan700-583-有站節.mp3],[sound:minnan700-583-無站節.mp3],,,,閩南語
584,欉,tsâng,,棵,大欉樹仔、一欉玫瑰,叢,[sound:minnan700-584-欉.mp3],[sound:minnan700-584-大欉樹仔.mp3],[sound:minnan700-584-一欉玫瑰.mp3],,,,閩南語
585,乍,tsànn,,汆燙、過油,乍白菜、乍油,,[sound:minnan700-585-乍.mp3],[sound:minnan700-585-乍白菜.mp3],[sound:minnan700-585-乍油.mp3],,,,閩南語
586,雜唸,tsa̍p-liām,tsau̍h-liām,嘮叨,伊真雜唸,雜念,[sound:minnan700-586-雜唸.mp3],[sound:minnan700-586-伊真雜唸.mp3],,,,,閩南語
587,節,tsat,,節、節制,關節、小節一下,,[sound:minnan700-587-節.mp3],[sound:minnan700-587-關節.mp3],[sound:minnan700-587-小節一下.mp3],,,,閩南語
588,實,tsa̍t,,密實、滿、堵塞,實櫼、實捅捅、實鼻,,[sound:minnan700-588-實.mp3],[sound:minnan700-588-實櫼.mp3],[sound:minnan700-588-實捅捅.mp3],[sound:minnan700-588-實鼻.mp3],,,閩南語
589,走,tsáu,,跑、逃、賽跑,四界走、走路、走標,,[sound:minnan700-589-走.mp3],[sound:minnan700-589-四界走.mp3],[sound:minnan700-589-走路.mp3],[sound:minnan700-589-走標.mp3],,,閩南語
590,走味,tsáu-bī,,失去原味,這杯咖啡走味矣,,[sound:minnan700-590-走味.mp3],[sound:minnan700-590-這杯咖啡走味矣.mp3],,,,,閩南語
591,灶,tsàu,,灶,灶跤、灶頭,竈,[sound:minnan700-591-灶.mp3],[sound:minnan700-591-灶跤.mp3],[sound:minnan700-591-灶頭.mp3],,,,閩南語
592,這,tse,,這,這是啥,今、即,[sound:minnan700-592-這.mp3],[sound:minnan700-592-這是啥.mp3],,,,,閩南語
593,濟,tsē,tsuē、tserē,多,濟話、濟少,,[sound:minnan700-593-濟.mp3],[sound:minnan700-593-濟話.mp3],[sound:minnan700-593-濟少.mp3],,,,閩南語
594,鑿目,tsha̍k-ba̍k,,刺眼、礙眼,看了真鑿目,,[sound:minnan700-594-鑿目.mp3],[sound:minnan700-594-看了真鑿目.mp3],,,,,閩南語
595,摻,tsham,,摻、混合,摻一寡糖、摻鹽,攙,[sound:minnan700-595-摻.mp3],[sound:minnan700-595-摻一寡糖.mp3],[sound:minnan700-595-摻鹽.mp3],,,,閩南語
596,參,tsham,,加入、和,參加、我參你去,,[sound:minnan700-596-參.mp3],[sound:minnan700-596-參加.mp3],[sound:minnan700-596-我參你去.mp3],,,,閩南語
597,草蜢仔,tsháu-meh-á,,蚱蜢,草蜢仔弄雞公,,[sound:minnan700-597-草蜢仔.mp3],[sound:minnan700-597-草蜢仔弄雞公.mp3],,,,,閩南語
598,冊,tsheh,,書,冊包、冊店,,[sound:minnan700-598-冊.mp3],[sound:minnan700-598-冊包.mp3],[sound:minnan700-598-冊店.mp3],,,,閩南語
599,青,tshenn,tshinn,綠、青,青色、青草,,[sound:minnan700-599-青.mp3],[sound:minnan700-599-青色.mp3],[sound:minnan700-599-青草.mp3],,,,閩南語
600,生份,tshenn-hūn,sinn-hūn、senn-hūn、tshinn-hūn,陌生、生疏,驚生份、生份路,生分、青份、青分,[sound:minnan700-600-生份.mp3],[sound:minnan700-600-驚生份.mp3],[sound:minnan700-600-生份路.mp3],,,,閩南語
601,青盲,tshenn-mê,tshinn-mî,失明,青盲牛、青盲雞,青瞑,[sound:minnan700-601-青盲.mp3],[sound:minnan700-601-青盲牛.mp3],[sound:minnan700-601-青盲雞.mp3],,,,閩南語
602,刺毛蟲,tshì-môo-thâng/tshì-moo-thâng,,毛毛蟲,囡仔驚刺毛蟲、刺毛蟲會變尾蝶仔,,[sound:minnan700-602-刺毛蟲.mp3],[sound:minnan700-602-囡仔驚刺毛蟲.mp3],[sound:minnan700-602-刺毛蟲會變尾蝶仔.mp3],,,,閩南語
603,車,tshia,,車,計程車、車頭,,[sound:minnan700-603-車.mp3],[sound:minnan700-603-計程車.mp3],[sound:minnan700-603-車頭.mp3],,,,閩南語
604,刺,tshiah,,編織、繡、刺、縫製,刺膨紗、刺皮鞋、刺字,赤,[sound:minnan700-604-刺.mp3],[sound:minnan700-604-刺膨紗.mp3],[sound:minnan700-604-刺皮鞋.mp3],[sound:minnan700-604-刺字.mp3],,,閩南語
605,攕,tshiám,,叉、串,攕仔、李仔攕,,[sound:minnan700-605-攕.mp3],[sound:minnan700-605-攕仔.mp3],[sound:minnan700-605-李仔攕.mp3],,,,閩南語
606,唱聲,tshiàng-siann,,大聲表達反對或不滿的意見、出言挑釁,共人唱聲,倡聲,[sound:minnan700-606-唱聲.mp3],[sound:minnan700-606-共人唱聲.mp3],,,,,閩南語
607,倩,tshiànn,,聘僱、僱用,倩工人、倩車,,[sound:minnan700-607-倩.mp3],[sound:minnan700-607-倩工人.mp3],[sound:minnan700-607-倩車.mp3],,,,閩南語
608,搜,tshiau,,翻動搜尋、攪拌,搜物件、搜皮箱、搜紅毛塗,抄,[sound:minnan700-608-搜.mp3],[sound:minnan700-608-搜物件.mp3],[sound:minnan700-608-搜皮箱.mp3],[sound:minnan700-608-搜紅毛塗.mp3],,,閩南語
609,撨,tshiâu,,調整、協商、推拿、挪移,撨時鐘、撨價數、撨骨、撨徙位、人咧做天咧撨,,[sound:minnan700-609-撨.mp3],[sound:minnan700-609-撨時鐘.mp3],[sound:minnan700-609-撨價數.mp3],[sound:minnan700-609-撨骨.mp3],[sound:minnan700-609-撨徙位.mp3],[sound:minnan700-609-人咧做天咧撨.mp3],閩南語
610,揤,tshih̍,jih̍,按、壓,揤電鈴、揤予伊牢,,[sound:minnan700-610-揤.mp3],[sound:minnan700-610-揤電鈴.mp3],[sound:minnan700-610-揤予伊牢.mp3],,,,閩南語
611,粟,tshik,,穀粒、稻穀,粟仔、粟鳥仔,,[sound:minnan700-611-粟.mp3],[sound:minnan700-611-粟仔.mp3],[sound:minnan700-611-粟鳥仔.mp3],,,,閩南語
612,親像,tshin-tshiūnn,tshan-tshiūnn、tshin-tshiōnn,好像、好比,足親像、親像講......,,[sound:minnan700-612-親像.mp3],[sound:minnan700-612-足親像.mp3],[sound:minnan700-612-親像講.......mp3],,,,閩南語
613,親情,tshin-tsiânn,,親戚,親情五十、親情朋友,親成,[sound:minnan700-613-親情.mp3],[sound:minnan700-613-親情五十.mp3],[sound:minnan700-613-親情朋友.mp3],,,,閩南語
614,凊彩,tshìn-tshái,,隨便、馬虎,凊彩講、毋通凊彩,請裁,[sound:minnan700-614-凊彩.mp3],[sound:minnan700-614-凊彩講.mp3],[sound:minnan700-614-毋通凊彩.mp3],,,,閩南語
615,清氣,tshing-khì,,乾淨、清潔,清氣相、愛清氣,,[sound:minnan700-615-清氣.mp3],[sound:minnan700-615-清氣相.mp3],[sound:minnan700-615-愛清氣.mp3],,,,閩南語
616,清芳,tshing-phang,,清香、芬芳,花真清芳、春天花正清芳,,[sound:minnan700-616-清芳.mp3],[sound:minnan700-616-花真清芳.mp3],[sound:minnan700-616-春天花正清芳.mp3],,,,閩南語
617,擤,tshìng,sǹg,擤,擤鼻,,[sound:minnan700-617-擤.mp3],[sound:minnan700-617-擤鼻.mp3],,,,,閩南語
618,穿,tshīng,,穿,穿衫、食穿,,[sound:minnan700-618-穿.mp3],[sound:minnan700-618-穿衫.mp3],[sound:minnan700-618-食穿.mp3],,,,閩南語
619,鮮,tshinn,,新鮮,鮮魚仔、肉有鮮,,[sound:minnan700-619-鮮.mp3],[sound:minnan700-619-鮮魚仔.mp3],[sound:minnan700-619-肉有鮮.mp3],,,,閩南語
620,笑咍咍,tshiò-hai-hai,,哈哈笑,聽一下笑咍咍,笑咳咳,[sound:minnan700-620-笑咍咍.mp3],[sound:minnan700-620-聽一下笑咍咍.mp3],,,,,閩南語
621,拭,tshit,,擦、拭,拭喙、拭仔,,[sound:minnan700-621-拭.mp3],[sound:minnan700-621-拭喙.mp3],[sound:minnan700-621-拭仔.mp3],,,,閩南語
622,𨑨迌,tshit-thô,thit-thô,玩耍、遊玩、遊蕩,好𨑨迌、出國𨑨迌、𨑨迌人,彳亍、佚陶、得桃、敕桃,[sound:minnan700-622-𨑨迌.mp3],[sound:minnan700-622-好𨑨迌.mp3],[sound:minnan700-622-出國𨑨迌.mp3],[sound:minnan700-622-𨑨迌人.mp3],,,閩南語
623,手電(仔),tshiú-tiān(-á),,手電筒,用手電(仔)炤路,,[sound:minnan700-623-手電(仔).mp3],[sound:minnan700-623-用手電(仔)炤路.mp3],,,,,閩南語
624,吮,tshńg,tshuínn,(用舌頭)剔出、(用鳥喙)梳理,吮魚頭、吮魚骨、鳥仔吮毛,,[sound:minnan700-624-吮.mp3],[sound:minnan700-624-吮魚頭.mp3],[sound:minnan700-624-吮魚骨.mp3],[sound:minnan700-624-鳥仔吮毛.mp3],,,閩南語
625,創,tshòng,,創、做,創業、創啥,,[sound:minnan700-625-創.mp3],[sound:minnan700-625-創業.mp3],[sound:minnan700-625-創啥.mp3],,,,閩南語
626,創治,tshòng-tī,,捉弄、欺負,創治人、毋通共人創治,,[sound:minnan700-626-創治.mp3],[sound:minnan700-626-創治人.mp3],[sound:minnan700-626-毋通共人創治.mp3],,,,閩南語
627,趨,tshu,,斜、滑,趨趨、趨雪,趄,[sound:minnan700-627-趨.mp3],[sound:minnan700-627-趨趨.mp3],[sound:minnan700-627-趨雪.mp3],,,,閩南語
628,厝,tshù,,房子、宅,起厝、厝邊,茨、戍,[sound:minnan700-628-厝.mp3],[sound:minnan700-628-起厝.mp3],[sound:minnan700-628-厝邊.mp3],,,,閩南語
629,跙,tshū,,滑,跙一倒、跙冰,,[sound:minnan700-629-跙.mp3],[sound:minnan700-629-跙一倒.mp3],[sound:minnan700-629-跙冰.mp3],,,,閩南語
630,𤆬,tshuā,,帶領、引導、照顧,𤆬頭、𤆬囡仔,,[sound:minnan700-630-𤆬.mp3],[sound:minnan700-630-𤆬頭.mp3],[sound:minnan700-630-𤆬囡仔.mp3],,,,閩南語
631,娶,tshuā,,迎娶,娶某、嫁娶,,[sound:minnan700-631-娶.mp3],[sound:minnan700-631-娶某.mp3],[sound:minnan700-631-嫁娶.mp3],,,,閩南語
632,疶,tshuah,,洩出,疶屎、疶尿,,[sound:minnan700-632-疶.mp3],[sound:minnan700-632-疶屎.mp3],[sound:minnan700-632-疶尿.mp3],,,,閩南語
633,礤,tshuah,,刨、礤床兒(刨具),礤番薯簽、礤冰、菜礤,攃,[sound:minnan700-633-礤.mp3],[sound:minnan700-633-礤番薯簽.mp3],[sound:minnan700-633-礤冰.mp3],[sound:minnan700-633-菜礤.mp3],,,閩南語
634,掣,tshuah,,快速拔除,掣毛、掣斷,,[sound:minnan700-634-掣.mp3],[sound:minnan700-634-掣毛.mp3],[sound:minnan700-634-掣斷.mp3],,,,閩南語
635,攢,tshuân,,準備,物件攢好勢、攢便便,僎,[sound:minnan700-635-攢.mp3],[sound:minnan700-635-物件攢好勢.mp3],[sound:minnan700-635-攢便便.mp3],,,,閩南語
636,扦,tshuann,,刺,竹扦、扦著,䉔,[sound:minnan700-636-扦.mp3],[sound:minnan700-636-竹扦.mp3],[sound:minnan700-636-扦著.mp3],,,,閩南語
637,炊,tshue,tshe/tsher,蒸,炊粿、炊粽、炊飯,,[sound:minnan700-637-炊.mp3],[sound:minnan700-637-炊粿.mp3],[sound:minnan700-637-炊粽.mp3],[sound:minnan700-637-炊飯.mp3],,,閩南語
638,箠,tshuê,tshê/tshêr,竹鞭、桿,箠仔、球箠,棰,[sound:minnan700-638-箠.mp3],[sound:minnan700-638-箠仔.mp3],[sound:minnan700-638-球箠.mp3],,,,閩南語
639,揣,tshuē,tshē/tshēr,找,揣物件、相揣,,[sound:minnan700-639-揣.mp3],[sound:minnan700-639-揣物件.mp3],[sound:minnan700-639-相揣.mp3],,,,閩南語
640,喙,tshuì,,嘴,好喙、喙舌,嘴,[sound:minnan700-640-喙.mp3],[sound:minnan700-640-好喙.mp3],[sound:minnan700-640-喙舌.mp3],,,,閩南語
641,喙䫌,tshuì-phué,tshuì-phé,臉頰,摸喙䫌,喙䩉、嘴䩉,[sound:minnan700-641-喙䫌.mp3],[sound:minnan700-641-摸喙䫌.mp3],,,,,閩南語
642,喙脣,tshuì-tûn,,嘴脣,喙脣焦焦,嘴唇,[sound:minnan700-642-喙脣.mp3],[sound:minnan700-642-喙脣焦焦.mp3],,,,,閩南語
643,賰,tshun,,剩、有餘,賰偌濟、時間賰偌久、有賰,偆、伸,[sound:minnan700-643-賰.mp3],[sound:minnan700-643-賰偌濟.mp3],[sound:minnan700-643-時間賰偌久.mp3],[sound:minnan700-643-有賰.mp3],,,閩南語
644,糍,tsî,,麻糬,麻糍,餈、粢,[sound:minnan700-644-糍.mp3],[sound:minnan700-644-麻糍.mp3],,,,,閩南語
645,遮,tsia,tsiâ,這、這裡,佇遮,這,[sound:minnan700-645-遮.mp3],[sound:minnan700-645-佇遮.mp3],,,,,閩南語
646,遮的,tsia--ê,tsua--ê,這些,遮的予你,遮个,[sound:minnan700-646-遮的.mp3],[sound:minnan700-646-遮的予你.mp3],,,,,閩南語
647,遮的,tsia ê,,這裡的,遮的人,遮个,[sound:minnan700-647-遮的.mp3],[sound:minnan700-647-遮的人.mp3],,,,,閩南語
648,才,tsiah,,才,到今你才知、拄才,則、即,[sound:minnan700-648-才.mp3],[sound:minnan700-648-到今你才知.mp3],[sound:minnan700-648-拄才.mp3],,,,閩南語
649,遮,tsiah,,這麼,遮緊,即,[sound:minnan700-649-遮.mp3],[sound:minnan700-649-遮緊.mp3],,,,,閩南語
650,遮爾,tsiah-nī,,多麼、這麼,遮爾媠、遮爾大,遮呢、這呢、即爾,[sound:minnan700-650-遮爾.mp3],[sound:minnan700-650-遮爾媠.mp3],[sound:minnan700-650-遮爾大.mp3],,,,閩南語
651,食,tsia̍h,,吃、喝,食穿、食茶,噍、吃,[sound:minnan700-651-食.mp3],[sound:minnan700-651-食穿.mp3],[sound:minnan700-651-食茶.mp3],,,,閩南語
652,針黹,tsiam-tsí,,女紅、針黹,教查某囝做針黹、針黹真幼路,,[sound:minnan700-652-針黹.mp3],[sound:minnan700-652-教查某囝做針黹.mp3],[sound:minnan700-652-針黹真幼路.mp3],,,,閩南語
653,煎,tsian,,油煎、油煎食品,煎魚仔、煎卵、蚵仔煎,,[sound:minnan700-653-煎.mp3],[sound:minnan700-653-煎魚仔.mp3],[sound:minnan700-653-煎卵.mp3],[sound:minnan700-653-蚵仔煎.mp3],,,閩南語
654,汫,tsiánn,,(味道)淡、(個性)軟弱,鹹汫、汫水、軟汫,𩟗,[sound:minnan700-654-汫.mp3],[sound:minnan700-654-鹹汫.mp3],[sound:minnan700-654-汫水.mp3],[sound:minnan700-654-軟汫.mp3],,,閩南語
655,誠,tsiânn,,很、非常,誠貴、誠好,,[sound:minnan700-655-誠.mp3],[sound:minnan700-655-誠貴.mp3],[sound:minnan700-655-誠好.mp3],,,,閩南語
656,成,tsiânn,,成,成人、成百个,,[sound:minnan700-656-成.mp3],[sound:minnan700-656-成人.mp3],[sound:minnan700-656-成百个.mp3],,,,閩南語
657,照起工,tsiàu-khí-kang,,按部就班,照起工做、照起工來,照紀綱,[sound:minnan700-657-照起工.mp3],[sound:minnan700-657-照起工做.mp3],[sound:minnan700-657-照起工來.mp3],,,,閩南語
658,寂寞,tsik̍-bo̍k,siok-bo̍k/tsı̍t-bo̍k,寂寞,寂寞的心情,,[sound:minnan700-658-寂寞.mp3],[sound:minnan700-658-寂寞的心情.mp3],,,,,閩南語
659,唚,tsim,,親嘴、吻,相唚、唚喙䫌,,[sound:minnan700-659-唚.mp3],[sound:minnan700-659-相唚.mp3],[sound:minnan700-659-唚喙䫌.mp3],,,,閩南語
660,斟酌,tsim-tsiok,,仔細、留意,斟酌看、小斟酌一下,,[sound:minnan700-660-斟酌.mp3],[sound:minnan700-660-斟酌看.mp3],[sound:minnan700-660-小斟酌一下.mp3],,,,閩南語
661,舂,tsing,,揍、撞、搗,相舂、舂著壁、舂米,,[sound:minnan700-661-舂.mp3],[sound:minnan700-661-相舂.mp3],[sound:minnan700-661-舂著壁.mp3],[sound:minnan700-661-舂米.mp3],,,閩南語
662,從,tsîng,tsn̂g,自......,從細漢、從到今,,[sound:minnan700-662-從.mp3],[sound:minnan700-662-從細漢.mp3],[sound:minnan700-662-從到今.mp3],,,,閩南語
663,櫼,tsinn,,(硬塞)進去、擠進去、楔子,櫼入去、櫼仔,掙,[sound:minnan700-663-櫼.mp3],[sound:minnan700-663-櫼入去.mp3],[sound:minnan700-663-櫼仔.mp3],,,,閩南語
664,茈,tsínn,tsí,幼、嫩,茈薑、幼茈,芓、嫩,[sound:minnan700-664-茈.mp3],[sound:minnan700-664-茈薑.mp3],[sound:minnan700-664-幼茈.mp3],,,,閩南語
665,糋,tsìnn,,油炸、油炸食品,糋甜粿、豆乾糋,,[sound:minnan700-665-糋.mp3],[sound:minnan700-665-糋甜粿.mp3],[sound:minnan700-665-豆乾糋.mp3],,,,閩南語
666,舐,tsīnn,tsn̄g/tsuīnn/tsī,舔,舐指頭仔、舐枝仔冰、舐盤仔,,[sound:minnan700-666-舐.mp3],[sound:minnan700-666-舐指頭仔.mp3],[sound:minnan700-666-舐枝仔冰.mp3],[sound:minnan700-666-舐盤仔.mp3],,,閩南語
667,少,tsió,,少,少數、至少,,[sound:minnan700-667-少.mp3],[sound:minnan700-667-少數.mp3],[sound:minnan700-667-至少.mp3],,,,閩南語
668,這,tsit,,這,這陣,今、即,[sound:minnan700-668-這.mp3],[sound:minnan700-668-這陣.mp3],,,,,閩南語
669,這馬,tsit-má,tsit-mái/tsit-muá,現在,這馬隨來去、這馬幾點,即馬、這碼、職馬、這嘛,[sound:minnan700-669-這馬.mp3],[sound:minnan700-669-這馬隨來去.mp3],[sound:minnan700-669-這馬幾點.mp3],,,,閩南語
670,一寡(仔),tsı̍t-kuá(-á),,少許、一些,一寡物件、一寡仔錢,,[sound:minnan700-670-一寡(仔).mp3],[sound:minnan700-670-一寡物件.mp3],[sound:minnan700-670-一寡仔錢.mp3],,,,閩南語
671,守,tsiú,,守,守空房、守寡,,[sound:minnan700-671-守.mp3],[sound:minnan700-671-守空房.mp3],[sound:minnan700-671-守寡.mp3],,,,閩南語
672,咒誓,tsiù-tsuā,,發誓、詛咒,毋通凊彩咒誓、咒誓予別人死,,[sound:minnan700-672-咒誓.mp3],[sound:minnan700-672-毋通凊彩咒誓.mp3],[sound:minnan700-672-咒誓予別人死.mp3],,,,閩南語
673,就,tsiū,,就、遷就,成就、就業、我就伊,,[sound:minnan700-673-就.mp3],[sound:minnan700-673-成就.mp3],[sound:minnan700-673-就業.mp3],[sound:minnan700-673-我就伊.mp3],,,閩南語
674,螿蜍,tsiunn-tsî,tsionn-tsî/tsiong-tsîr/tsiunn-tsû/tsiong-tsû,蟾蜍、癩蝦蟆,螿蜍有毒性、螿蜍展氣功,螿蠩,[sound:minnan700-674-螿蜍.mp3],[sound:minnan700-674-螿蜍有毒性.mp3],[sound:minnan700-674-螿蜍展氣功.mp3],,,,閩南語
675,做伙,tsò-hué,tsuè-hé、tserè-hér,一起,做伙耍、做伙來去,做夥、作夥,[sound:minnan700-675-做伙.mp3],[sound:minnan700-675-做伙耍.mp3],[sound:minnan700-675-做伙來去.mp3],,,,閩南語
676,作穡,tsoh-sit,,種田、工作,作穡人、認真作穡,做穡,[sound:minnan700-676-作穡.mp3],[sound:minnan700-676-作穡人.mp3],[sound:minnan700-676-認真作穡.mp3],,,,閩南語
677,昨日,tso̍h--jı̍t,tso̍h--lı̍t/tso̍h--gı̍t,前天,昨日我拄著伊,,[sound:minnan700-677-昨日.mp3],[sound:minnan700-677-昨日我拄著伊.mp3],,,,,閩南語
678,苴,tsū,,墊子、墊,椅苴仔、苴枋、尿苴仔、苴報紙,,[sound:minnan700-678-苴.mp3],[sound:minnan700-678-椅苴仔.mp3],[sound:minnan700-678-苴枋.mp3],[sound:minnan700-678-尿苴仔.mp3],[sound:minnan700-678-苴報紙.mp3],,閩南語
679,逝,tsuā,,趟、(路)程、行、列,行一逝、一逝路、寫一逝,,[sound:minnan700-679-逝.mp3],[sound:minnan700-679-行一逝.mp3],[sound:minnan700-679-一逝路.mp3],[sound:minnan700-679-寫一逝.mp3],,,閩南語
680,煎,tsuann,,燒開、煎煮,煎茶、煎藥仔,,[sound:minnan700-680-煎.mp3],[sound:minnan700-680-煎茶.mp3],[sound:minnan700-680-煎藥仔.mp3],,,,閩南語
681,炸,tsuànn,,炸油、吹牛,炸豬油、烏白炸,,[sound:minnan700-681-炸.mp3],[sound:minnan700-681-炸豬油.mp3],[sound:minnan700-681-烏白炸.mp3],,,,閩南語
682,水雞,tsuí-ke,suí-kue/suí-ke/suí-kere,青蛙,釣水雞、炒水雞、水雞跳真遠,,[sound:minnan700-682-水雞.mp3],[sound:minnan700-682-釣水雞.mp3],[sound:minnan700-682-炒水雞.mp3],[sound:minnan700-682-水雞跳真遠.mp3],,,閩南語
683,陣,tsūn,,陣、時候,一陣風、時陣,,[sound:minnan700-683-陣.mp3],[sound:minnan700-683-一陣風.mp3],[sound:minnan700-683-時陣.mp3],,,,閩南語
684,拄,tú,,抵、遇到,拄著貴人、相拄,抵,[sound:minnan700-684-拄.mp3],[sound:minnan700-684-拄著貴人.mp3],[sound:minnan700-684-相拄.mp3],,,,閩南語
685,注,tù,,賭注、筆(量詞),硩注、拚孤注、一注錢,,[sound:minnan700-685-注.mp3],[sound:minnan700-685-硩注.mp3],[sound:minnan700-685-拚孤注.mp3],[sound:minnan700-685-一注錢.mp3],,,閩南語
686,駐,tū,,沉浸,駐水、駐死,,[sound:minnan700-686-駐.mp3],[sound:minnan700-686-駐水.mp3],[sound:minnan700-686-駐死.mp3],,,,閩南語
687,蹛,tuà,,在、住,蹛飯店、蹛佇遮,帶、滯,[sound:minnan700-687-蹛.mp3],[sound:minnan700-687-蹛飯店.mp3],[sound:minnan700-687-蹛佇遮.mp3],,,,閩南語
688,(大)肚胿仔,(tuā-)tōo-kuai-á,(tuā-)tōo-kui-á,蝌蚪,水池仔足濟肚胿仔,,[sound:minnan700-688-(大)肚胿仔.mp3],[sound:minnan700-688-水池仔足濟肚胿仔.mp3],,,,,閩南語
689,綴,tuè,tè/tèr,跟、隨,綴人講、綴人時行、綴袂著陣,,[sound:minnan700-689-綴.mp3],[sound:minnan700-689-綴人講.mp3],[sound:minnan700-689-綴人時行.mp3],[sound:minnan700-689-綴袂著陣.mp3],,,閩南語
690,盹龜,tuh-ku,,打瞌睡,上課盹龜,拄龜、拄痀、盹眗,[sound:minnan700-690-盹龜.mp3],[sound:minnan700-690-上課盹龜.mp3],,,,,閩南語
691,揬,tu̍h,,戳、刺,揬破、揬一空,,[sound:minnan700-691-揬.mp3],[sound:minnan700-691-揬破.mp3],[sound:minnan700-691-揬一空.mp3],,,,閩南語
692,倚,uá,,靠近、依靠,倚晝、相倚、倚靠,,[sound:minnan700-692-倚.mp3],[sound:minnan700-692-倚晝.mp3],[sound:minnan700-692-相倚.mp3],[sound:minnan700-692-倚靠.mp3],,,閩南語
693,冤家,uan-ke,,爭吵、仇人,冤家相拍、冤家變親家,怨家,[sound:minnan700-693-冤家.mp3],[sound:minnan700-693-冤家相拍.mp3],[sound:minnan700-693-冤家變親家.mp3],,,,閩南語
694,怨嘆,uàn-thàn,,怨恨悲嘆,怨嘆月暝、毋免怨嘆,,[sound:minnan700-694-怨嘆.mp3],[sound:minnan700-694-怨嘆月暝.mp3],[sound:minnan700-694-毋免怨嘆.mp3],,,,閩南語
695,晏,uànn,,晚、遲,晏睏、晏起來,,[sound:minnan700-695-晏.mp3],[sound:minnan700-695-晏睏.mp3],[sound:minnan700-695-晏起來.mp3],,,,閩南語
696,斡,uat,,轉彎,斡正爿、彎彎斡斡,,[sound:minnan700-696-斡.mp3],[sound:minnan700-696-斡正爿.mp3],[sound:minnan700-696-彎彎斡斡.mp3],,,,閩南語
697,越,ua̍t,,轉、回轉,越頭、越轉身,斡,[sound:minnan700-697-越.mp3],[sound:minnan700-697-越頭.mp3],[sound:minnan700-697-越轉身.mp3],,,,閩南語
698,揻,ui,,用尖物旋轉鑽孔,親像針咧揻,,[sound:minnan700-698-揻.mp3],[sound:minnan700-698-親像針咧揻.mp3],,,,,閩南語
699,搵,ùn,,蘸、沾,搵豆油、搵料,,[sound:minnan700-699-搵.mp3],[sound:minnan700-699-搵豆油.mp3],[sound:minnan700-699-搵料.mp3],,,,閩南語
700,鬱卒,ut-tsut,,抑鬱、苦悶,有夠鬱卒,,[sound:minnan700-700-鬱卒.mp3],[sound:minnan700-700-有夠鬱卒.mp3],,,,,閩南語
